year,alerts,recovered,direct_cases,florida_alerts,national_quote,florida_quote,direct_rate,florida_share
2006,261,214.0,53,18,"Of the 261 AMBER Alerts issued between January 1, 2006, and December 31, 2006, 214 cases resulted in a recovery, 53 of which were successfully resolved as a direct result","Florida, Georgia, and Ohio 18",0.203,0.069
2007,227,188.0,48,11,"Of the 227 AMBER Alerts issued between January 1, 2007, and December 31, 2007, 188 cases resulted in a recovery, 48 of which were successfully recovered as a direct result",Florida 11,0.211,0.048
2008,194,166.0,40,12,"Of the 194 AMBER Alerts issued between January 1, 2008, and December 31, 2008, 166 cases resulted in a recovery, 40 of which were successfully recovered as a direct result","Florida, Georgia, and Ohio 12",0.206,0.062
2009,207,166.0,45,12,"Of the 207 AMBER Alerts issued between January 1, 2009, and December 31, 2009, 166 cases resulted in a recovery, 45 of which were successfully recovered as a direct result",Florida 12,0.217,0.058
2010,173,150.0,28,9,"Of the 173 AMBER Alerts issued from January 1, 2010, to December 31, 2010, 150 cases resulted in a recovery, 28 of which were successfully recovered as a direct result",Florida 9,0.162,0.052
2011,158,144.0,28,7,"Of the 158 AMBER Alerts issued from January 1, 2011, to December 31, 2011, 144 cases resulted in a recovery, 28 of which were successfully recovered as a direct result",Florida and Georgia 7,0.177,0.044
2012,167,,52,9,"Of the 167 AMBER Alert cases in 2012, 68 children involved in 52 AMBER Alert cases were successfully recovered as a direct result","Florida, Georgia and North Carolina 9",0.311,0.054
2013,194,185.0,41,10,"Of the 194 AMBER Alerts issued from Jan. 1, 2013, to Dec. 31, 2013, 185 cases resulted in a recovery, 41 of which were successfully recovered as a direct result","California, Florida and Washington 10",0.211,0.052
2014,186,154.0,52,6,"Of the 186 AMBER Alerts issued from Jan. 1, 2014, to Dec. 31, 2014, 154 cases resulted in a recovery, 52 of which were successfully recovered as a direct result","Florida, Georgia, Mississippi and North Carolina 6",0.28,0.032
2015,182,153.0,50,6,"Of the 182 AMBER Alerts issued from Jan. 1, 2015, to Dec. 31, 2015, 153 cases resulted in a recovery, 50 of which were successfully recovered as a direct result",Florida and North Carolina 6,0.275,0.033
2016,179,155.0,43,12,"Of the 179 AMBER Alerts issued from Jan. 1, 2016, to Dec. 31, 2016, 155 cases resulted in a recovery, 43 of which were successfully recovered as a direct result",Florida 12,0.24,0.067
2017,195,193.0,39,10,"Of the 195 AMBER Alerts issued from Jan. 1, 2017, to Dec. 31, 2017, 193 cases resulted in a recovery, 39 of which were successfully recovered as a direct result",Florida and Ohio 10,0.2,0.051
2018,161,155.0,28,9,"Of the 161 AMBER Alerts issued from Jan. 1, 2018, to Dec. 31, 2018, 155 cases resulted in a recovery, 28 of which were successfully recovered as a direct result",Florida and New York 9,0.174,0.056
2019,145,142.0,24,13,"Of the 145 AMBER Alerts issued from Jan. 1, 2019, to Dec. 31, 2019, 142 cases resulted in a recovery, 24 of which were successfully recovered as a direct result",Florida 13,0.166,0.09
2020,200,196.0,46,18,"Of the 200 AMBER Alerts issued from January 1, 2020, to December 31, 2020, 196 cases resulted in a recovery, 46 of which were successfully recovered as a direct result",Florida 18,0.23,0.09
2021,254,252.0,51,8,"Of the 254 AMBER Alerts issued from January 1, 2021, to December 31, 2021, 252 cases resulted in a recovery, 51 of which were successfully recovered as a direct result","Florida, Utah, and Virginia 8",0.201,0.031
2022,181,180.0,16,13,"Of the 181 AMBER Alerts issued in this time frame, 180 cases resulted in a recovery, 16 of which were successfully recovered as a direct result",Florida 13,0.088,0.072
2023,185,183.0,49,7,"Of the 185 AMBER Alerts issued in this time frame, 183 cases resulted in a recovery, 49 of which were successfully recovered as a direct result",Florida 7,0.265,0.038
2024,189,188.0,47,9,"Of the 189 AMBER Alerts issued in this time frame, 188 cases resulted in a recovery, 47 of which were successfully recovered as a direct result",Florida and Missouri 9,0.249,0.048
