year,month,row,age,sex,agency,recovered_state,mark
2011,11,1,78.0,F,Sarasota SO,FL,
2011,11,2,75.0,M,Palm Beach SO,FL,
2011,11,3,85.0,F,Palm Beach SO,FL,
2011,11,4,78.0,F,Seminole SO,FL,
2011,11,5,86.0,M,Palm Beach SO,FL,
2011,11,6,78.0,M,Lantana PD,FL,
2011,11,7,81.0,M,Pinellas SO,FL,
2011,11,8,90.0,M,Orange City PD,FL,
2011,11,9,79.0,M,Lee SO,FL,direct
2011,11,10,78.0,M,Leon SO,FL,
2011,11,11,83.0,M,University of Florida PD,FL,
2011,11,12,78.0,M,Hernando SO,FL,direct
2011,11,13,80.0,M,Sarasota SO,FL,
2011,11,14,81.0,M,Lee SO,GA,
2011,11,15,85.0,M,Miami-Dade PD,FL,
2011,11,16,78.0,M,Seminole SO,FL,
2011,11,17,92.0,M,Palm Beach SO,FL,
2011,11,18,53.0,F,Palm Beach SO,FL,direct
2011,11,19,81.0,M,Miami-Dade PD,FL,
2011,11,20,91.0,M,Hallandale PD,FL,
2011,11,21,77.0,F,Monroe SO,FL,
2011,11,22,74.0,F,Hollywood PD,FL,
2011,4,1,91.0,M,Palm Beach SO,FL,
2011,4,2,79.0,M,Broward SO,FL,
2011,4,3,78.0,M,Manatee SO,FL,
2011,4,4,81.0,M,Charlotte SO,FL,
2011,4,5,80.0,M,Hillsborough SO,GA,
2011,4,6,81.0,M,Miami-Dade PD,FL,
2011,4,7,89.0,M,Palm Bay PD,FL,
2011,4,8,75.0,M,Levy SO,FL,
2011,4,9,79.0,F,Jupiter PD,FL,
2011,4,10,65.0,M,Palm Beach SO,FL,
2011,4,11,85.0,M,Tampa PD,FL,
2011,8,1,76.0,M,Sarasota SO,FL,
2011,8,2,77.0,M,Miami Gardens PD,FL,
2011,8,3,79.0,M,Clearwater PD,FL,
2011,8,4,74.0,M,Palm Beach SO,FL,
2011,8,5,82.0,M,Largo PD,FL,
2011,8,6,91.0,M,Pinellas SO,FL,indirect
2011,8,7,81.0,M,Polk SO,TN,
2011,8,8,83.0,M,Palm Beach SO,FL,
2011,8,9,78.0,M,Gadsden SO,FL,
2011,12,1,84.0,M,St. Lucie Co. Public Safety,FL,
2011,12,2,79.0,M,Pasco SO,FL,
2011,12,3,88.0,M,Delray Beach PD,FL,
2011,12,4,81.0,M,"Port Orange, FL",SC,
2011,12,5,90.0,M,Ocala PD,FL,
2011,12,6,84.0,M,Palm Beach SO,FL,
2011,12,7,96.0,M,Marion SO,FL,
2011,12,8,86.0,M,Manatee SO,FL,
2011,12,9,75.0,M,Ohio – Ross County SO,GA,
2011,12,10,85.0,M,Hillsborough SO,FL,direct
2011,12,11,75.0,M,Greenacres PD,FL,
2011,12,12,78.0,M,Miramar PD,FL,
2011,12,13,68.0,M,Hillsborough SO,NC,
2011,12,14,91.0,M,Pembroke Pines PD,NC,
2011,2,1,81.0,M,Polk SO,FL,
2011,2,2,75.0,M,Levy SO,FL,
2011,2,3,75.0,M,Pinellas SO,FL,
2011,2,4,84.0,M,Monroe SO,FL,direct
2011,2,5,76.0,F,Melbourne PD,FL,
2011,2,6,79.0,M,Palm Bay PD,FL,
2011,2,7,90.0,M,Boynton Beach PD,FL,
2011,2,8,77.0,M,Davie PD,FL,
2011,7,1,83.0,M,Volusia SO,FL,
2011,7,2,86.0,M,Marion SO,FL,
2011,7,3,88.0,F,Boca Raton PD,FL,
2011,7,4,88.0,M,Hollywood PD,FL,
2011,7,5,81.0,M,Highlands SO,FL,
2011,7,6,82.0,M,Collier SO,FL,direct
2011,7,7,80.0,M,Martin SO,FL,
2011,7,8,87.0,M,Jacksonville Beach PD,FL,
2011,7,9,88.0,M,Sarasota SO,FL,
2011,7,10,87.0,F,Monroe SO,FL,
2011,7,11,92.0,M,Charlotte SO,GA,
2011,6,1,78.0,F,Lady Lake PD,FL,
2011,6,2,82.0,F,Winter Springs PD,FL,
2011,6,3,83.0,F,Martin SO,FL,
2011,6,4,90.0,F,Palm Beach SO,FL,direct
2011,6,5,75.0,M,Palm Beach Gardens PD,FL,
2011,6,6,75.0,M,Hillsborough SO,FL,
2011,6,7,85.0,M,St. Johns SO,FL,
2011,6,8,75.0,M,Atlantis PD,FL,
2011,6,9,81.0,M,Polk SO,FL,
2011,6,10,79.0,M,Lake SO,FL,
2011,6,11,77.0,M,Volusia SO,FL,
2011,6,12,89.0,F,St. Johns SO,FL,
2011,6,13,82.0,M,Osceola SO,FL,
2011,6,14,75.0,M,Miami Gardens PD,FL,
2011,6,15,64.0,M,Flagler SO,FL,
2011,3,1,71.0,M,"Port St. Lucie, PD",FL,
2011,3,2,73.0,M,Manatee SO,FL,
2011,3,3,89.0,F,Sarasota SO,FL,
2011,3,4,82.0,M,Palm Beach SO,FL,
2011,3,5,82.0,M,Alachua SO,FL,
2011,3,6,82.0,M,Broward SO,FL,
2011,3,7,85.0,M,Seminole SO,FL,
2011,3,8,88.0,M,Lee SO,FL,
2011,3,9,65.0,M,West Palm Beach PD,FL,
2011,3,10,80.0,M,Tampa PD,OH,
2011,3,11,88.0,M,Volusia SO,FL,
2011,3,12,74.0,M,Polk SO,FL,
2011,3,13,84.0,M,Daytona Beach PD,FL,
2011,3,14,79.0,F,Tampa PD,FL,direct
2011,5,1,96.0,M,Boca Raton PD,FL,
2011,5,2,85.0,M,Palm Beach SO,FL,
2011,5,3,81.0,M,Osceola SO,FL,direct
2011,5,4,73.0,M,Hillsborough SO,FL,
2011,5,5,69.0,M,Stuart PD,FL,
2011,5,6,88.0,M,Manatee SO,GA,
2011,5,7,75.0,M,St. Petersburg PD,FL,
2011,5,8,87.0,M,Gainesville PD,FL,
2011,5,9,82.0,M,Orange SO,FL,
2011,5,10,72.0,M,Eustis PD,FL,
2011,5,11,80.0,M,Pasco SO,FL,
2011,5,12,78.0,M,Miami-Dade PD,FL,
2011,5,13,84.0,F,Charlotte SO,FL,
2011,5,14,81.0,M,Broward SO,FL,
2011,10,1,85.0,F,Martin SO,FL,
2011,10,2,69.0,M,Orange SO,FL,
2011,10,3,77.0,M,Orlando PD,FL,
2011,10,4,87.0,F,Sarasota SO,FL,
2011,10,5,82.0,F,Lady Lake PD,FL,
2011,10,6,80.0,M,Palm Beach SO,FL,
2011,10,7,71.0,M,West Palm Beach PD,FL,
2011,10,8,71.0,M,Palm Beach Gardens PD,FL,
2011,10,9,74.0,F,Jacksonville SO,FL,
2011,10,10,85.0,M,Martin SO,FL,
2011,10,11,87.0,M,Indian Harbor Beach PD,FL,
2011,10,12,84.0,M,Palm Beach SO,FL,
2011,9,1,84.0,M,Jacksonville SO,FL,
2011,9,2,80.0,F,Palm Bay PD,FL,indirect
2011,9,3,80.0,M,Palm Beach SO,FL,
2011,9,4,82.0,M,Miami-Dade PD,FL,
2011,9,5,80.0,M,Hernando SO,FL,
2011,9,6,82.0,M,Eustis PD,FL,
2011,9,7,74.0,M,Miami-Dade PD,FL,
2011,9,8,82.0,M,Polk SO,FL,
2011,9,9,82.0,M,Largo PD,FL,
2011,9,10,87.0,M,Largo PD,FL,
2011,9,11,79.0,M,Polk SO,FL,
2011,9,12,67.0,F,Lee SO,FL,
2011,9,13,87.0,M,Miami-Dade PD,FL,
2011,9,14,88.0,M,Brevard SO,FL,
2011,9,15,76.0,M,Port Orange PD,FL,
2011,9,16,86.0,M,Collier SO,FL,direct
2011,9,17,84.0,M,Lake SO,FL,direct
2011,9,18,83.0,M,Franklin SO,FL,
2011,9,19,66.0,F,Hillsborough SO,FL,
2011,1,1,85.0,M,Indian River SO,FL,
2011,1,2,85.0,M,Longwood PD,FL,
2011,1,3,75.0,F,Volusia SO,FL,
2011,1,4,82.0,M,Brevard SO,FL,
2011,1,5,79.0,F,Homestead PD,FL,
2011,1,6,74.0,M,Miami-Dade PD,FL,
2011,1,7,81.0,M,Flagler SO,FL,
2011,1,8,87.0,F,Tampa PD,FL,direct
2011,1,9,67.0,M,Hillsborough SO,FL,
2011,1,10,88.0,M,Palm Beach SO,FL,
2011,1,11,81.0,M,Charlotte SO,FL,
2011,1,12,85.0,M,Charlotte SO,FL,
2011,1,13,76.0,M,Pasco SO,FL,
2012,4,1,81.0,M,University of Florida PD,FL,direct
2012,4,2,85.0,M,Pasco SO,FL,
2012,4,3,83.0,F,Palm Beach SO,FL,
2012,4,4,89.0,M,Delray Beach PD,FL,
2012,4,5,80.0,F,Manatee SO,FL,
2012,4,6,80.0,M,Winter Springs PD,FL,
2012,4,7,80.0,M,Citrus SO,FL,
2012,4,8,78.0,F,Calhoun SO,FL,
2012,4,9,89.0,M,Lake SO,FL,
2012,4,10,87.0,M,Ft. Lauderdale PD,FL,
2012,4,11,67.0,M,Fernandina Beach PD,GA,
2012,4,12,70.0,F,Escambia SO,FL,
2012,4,13,72.0,M,Volusia SO,FL,
2012,4,14,87.0,M,Ft. Lauderdale PD,FL,
2012,4,15,83.0,F,Union SO,FL,
2012,4,16,78.0,M,Palm Beach SO,FL,
2012,4,17,71.0,F,Delray Beach PD,FL,
2012,12,1,79.0,M,Hialeah PD,FL,
2012,12,2,77.0,M,Auburndale PD,FL,indirect
2012,12,3,77.0,M,Auburndale PD,FL,
2012,12,4,77.0,F,Charlotte SO,FL,
2012,12,5,61.0,M,Polk SO,FL,
2012,12,6,87.0,F,Palm Beach SO,FL,
2012,12,7,85.0,M,Bay Harbour Island PD,FL,direct
2012,12,8,83.0,M,Sarasota SO,FL,direct
2012,12,9,76.0,M,Orlando PD,FL,
2012,12,10,87.0,F,St. Johns SO,FL,
2012,12,11,77.0,F,Winter Park PD,FL,indirect
2012,12,12,69.0,F,Jacksonville SO,FL,
2012,12,13,81.0,F,Plantation PD,FL,direct
2012,12,14,66.0,M,Palm Beach SO,FL,
2012,12,15,89.0,M,Port St. Lucie PD,FL,
2012,12,16,87.0,F,Columbia SO,AL,direct
2012,12,17,76.0,M,Ft. Myers PD,not found,
2012,12,18,84.0,F,Polk SO,FL,
2012,12,19,77.0,F,Hillsborough SO,FL,
2012,2,1,87.0,F,Cape Coral PD,FL,
2012,2,2,85.0,M,Manatee SO,FL,indirect
2012,2,3,75.0,M,Osceola SO,FL,
2012,2,4,92.0,M,Clay SO,FL,indirect
2012,2,5,71.0,M,Hernando SO,FL,
2012,2,6,73.0,M,St. Johns SO,FL,
2012,2,7,79.0,M,New Port Richey PD,FL,
2012,2,8,86.0,M,Indialantic PD,FL,
2012,2,9,69.0,M,Holmes SO,FL,
2012,2,10,81.0,M,Sumter SO,FL,
2012,2,11,85.0,M,Polk SO,FL,
2012,1,1,86.0,F,Sanford PD,FL,
2012,1,2,75.0,M,Hillsborough SO,FL,
2012,1,3,78.0,M,Seminole SO,FL,
2012,1,4,87.0,F,Venice PD,FL,
2012,1,5,69.0,M,Indian River SO,FL,
2012,1,6,90.0,M,Boca Raton PD,FL,
2012,1,7,76.0,M,Greenacres Dept. Public Safety,FL,
2012,1,8,88.0,M,Davie PD,FL,
2012,1,9,78.0,M,Highland SO,FL,
2012,1,10,73.0,M,Pinellas SO,FL,
2012,1,11,69.0,M,Longwood PD,FL,
2012,1,12,78.0,M,Volusia SO,FL,
2012,1,13,83.0,F,Boca Raton PD,FL,
2012,7,1,83.0,M,Miami-Dade PD,FL,
2012,7,2,82.0,M,Putnam SO,FL,
2012,7,3,84.0,F,Key Biscayne PD,FL,
2012,7,4,84.0,F,Largo PD,FL,
2012,7,5,80.0,M,St. Lucie SO,FL,
2012,7,6,85.0,M,Polk SO,FL,direct
2012,7,7,70.0,M,Sarasota SO,IA,
2012,7,8,83.0,M,Lee SO,FL,
2012,7,9,80.0,M,Jacksonville SO,FL,indirect
2012,7,10,73.0,M,Pembroke Pines PD,FL,
2012,7,11,88.0,M,Osceola SO,FL,
2012,7,12,78.0,M,Pinellas SO,FL,direct
2012,7,13,82.0,M,Highlands SO,FL,
2012,7,14,76.0,F,Lake Wales PD,FL,
2012,7,15,70.0,M,Levy SO,FL,
2012,7,16,76.0,F,Auburndale PD,FL,
2012,7,17,64.0,M,Miami-Dade PD,FL,
2012,6,1,80.0,M,Marion County SO,FL,
2012,6,2,79.0,M,Monroe County SO,FL,direct
2012,6,3,90.0,M,Apopka PD,FL,
2012,6,4,83.0,F,Pinellas SO,FL,
2012,6,5,80.0,M,Miami-Dade PD,FL,
2012,6,6,86.0,M,Palm Beach SO,FL,direct
2012,6,7,81.0,F,Okaloosa SO,AL,
2012,3,1,86.0,M,Jackson SO,FL,
2012,3,2,82.0,M,Largo PD,FL,
2012,3,3,78.0,M,Brevard SO,FL,
2012,3,4,82.0,M,Martin SO,FL,
2012,3,5,92.0,F,Palm Beach SO,FL,
2012,3,6,81.0,M,Plant City PD,GA,
2012,3,7,86.0,M,Pasco SO,FL,
2012,3,8,83.0,M,Palm Bay PD,FL,
2012,3,9,80.0,M,Palm Beach SO,FL,
2012,3,10,76.0,F,Melbourne PD,FL,
2012,3,11,81.0,M,Hillsborough SO,FL,
2012,3,12,79.0,M,Pasco SO,FL,
2012,3,13,88.0,F,St. Johns SO,FL,
2012,3,14,87.0,M,Hollywood PD,FL,
2012,5,1,80.0,M,Miami-Dade PD,FL,
2012,5,2,91.0,M,Manatee SO,FL,
2012,5,3,86.0,F,Lee SO,FL,
2012,5,4,94.0,F,Winter Haven PD,FL,direct
2012,5,5,85.0,M,Volusia SO,FL,
2012,5,6,84.0,M,Collier SO,FL,
2012,5,7,87.0,M,Miami-Dade PD,FL,direct
2012,5,8,85.0,M,Highlands SO,FL,
2012,5,9,73.0,M,Polk SO,FL,
2012,5,10,81.0,F,Hollywood PD,FL,
2012,5,11,78.0,M,Bradenton PD,FL,
2012,5,12,87.0,M,Davie PD,FL,
2012,5,13,83.0,M,Cape Coral PD,FL,direct
2012,5,14,78.0,M,Citrus SO,FL,
2012,5,15,78.0,F,St. Johns SO,FL,
2012,5,16,91.0,F,Venice PD,FL,direct
2012,5,17,73.0,M,Clay SO,GA,
2012,5,18,85.0,F,Broward SO,FL,
2012,11,1,65.0,F,Boca Raton PD,FL,
2012,11,2,85.0,M,Davie PD,FL,
2012,11,3,84.0,M,"Palm Beach Gardens, FL",FL,
2012,11,4,60.0,F,Clearwater PD,FL,
2012,11,5,80.0,F,Polk SO,FL,
2012,11,6,86.0,M,Marion SO,FL,
2012,11,7,82.0,M,Hollywood PD,GA,
2012,11,8,79.0,M,Putnam SO,FL,
2012,11,9,89.0,M,Broward SO,FL,
2012,11,10,83.0,F,New Smyrna Beach PD,FL,
2012,11,11,81.0,F,Volusia SO,FL,
2012,11,12,70.0,M,Charlotte SO,FL,
2012,11,13,69.0,F,New Port Richey PD,FL,
2012,11,14,75.0,M,Palm Bay PD,GA,
2012,11,15,71.0,M,Volusia SO,GA,
2012,11,16,76.0,M,Palm Beach SO,FL,
2012,9,1,77.0,M,Palm Beach SO,FL,
2012,9,2,81.0,M,Orange SO,FL,
2012,9,3,84.0,M,Plantation PD,FL,
2012,9,4,79.0,M,Tampa PD,FL,
2012,9,5,73.0,M,Miami PD,FL,
2012,9,6,77.0,M,Osceola SO,FL,
2012,9,7,77.0,F,Jacksonville SO,FL,
2012,9,8,79.0,F,Volusia SO,FL,
2012,9,9,78.0,M,Brevard SO,FL,
2012,9,10,88.0,M,Bay SO,not found,
2012,9,11,80.0,M,Volusia SO,FL,direct
2012,8,1,92.0,M,St. Petersburg PD,FL,
2012,8,2,90.0,F,Tampa PD,FL,
2012,8,3,86.0,M,Gainesville PD,FL,
2012,8,4,75.0,M,Calhoun SO,FL,
2012,8,5,82.0,M,Palm Beach SO,FL,
2012,8,6,82.0,M,Sarasota SO,FL,
2012,8,7,86.0,F,Orange SO,FL,
2012,8,8,87.0,F,Brevard SO,FL,
2012,8,9,63.0,M,St. Johns SO,FL,
2012,8,10,78.0,M,Davie PD,FL,
2012,8,11,85.0,M,Sarasota SO,not found,
2012,8,12,91.0,M,Jacksonville SO,FL,
2012,8,13,83.0,F,Pembroke Pines PD,FL,
2012,8,14,70.0,M,Palm Beach SO,FL,
2012,8,15,78.0,M,St. Lucie SO,FL,
2012,8,16,87.0,M,Broward SO,FL,
2012,8,17,50.0,M,Jacksonville SO,FL,
2012,8,18,89.0,M,Boca Raton PD,FL,
2012,8,19,75.0,M,Riviera Beach PD,FL,
2013,4,1,71.0,M,Sarasota SO,FL,
2013,4,2,80.0,F,Manatee SO,FL,
2013,4,3,85.0,F,Tavares PD,FL,
2013,4,4,88.0,M,Pasco SO,FL,
2013,4,5,92.0,F,Palm Beach SO,FL,direct
2013,4,6,75.0,F,Miami-Dade PD,FL,
2013,4,7,76.0,M,Highlands SO,FL,
2013,4,8,67.0,M,Palm Beach SO,FL,
2013,4,9,90.0,M,Melbourne PD,FL,
2013,4,10,89.0,M,Pasco SO,FL,
2013,4,11,68.0,M,Pinellas SO,FL,
2013,4,12,87.0,M,Santa Rosa SO,FL,
2013,4,13,87.0,M,Titusville PD,FL,direct
2013,4,14,86.0,M,Pinellas SO,FL,
2013,4,15,82.0,F,Palm Beach SO,FL,
2013,8,1,74.0,M,Polk SO,GA,
2013,8,2,82.0,M,Richmond County SO in  GA,GA,
2013,8,3,62.0,F,Punta Gorda PD,FL,
2013,8,4,79.0,M,Flagler SO,NC,
2013,8,5,85.0,F,Marion SO,FL,
2013,8,6,76.0,M,Washington SO,FL,
2013,8,7,80.0,M,Volusia SO,FL,direct
2013,8,8,76.0,M,Tarpons Springs PD,FL,
2013,8,9,64.0,M,Davie PD,FL,
2013,8,10,86.0,M,Lee SO,FL,
2013,8,11,82.0,M,Polk SO,FL,
2013,8,12,85.0,F,Riviera Beach PD,FL,
2013,8,13,67.0,F,Hillsborough SO,FL,direct
2013,8,14,84.0,M,Palm Beach SO,FL,
2013,12,1,87.0,M,Marion CSO,FL,
2013,12,2,75.0,M,Cape Coral PD,FL,
2013,12,3,78.0,F,Jacksonville SO,GA,
2013,12,4,76.0,M,Highlands CSO,FL,
2013,12,5,74.0,M,Bradford CSO,FL,direct
2013,12,6,70.0,M,Polk CSO,FL,
2013,12,7,76.0,M,Orange City PD,FL,
2013,12,8,73.0,F,Pinellas Park PD,FL,
2013,12,9,79.0,M,Coral Springs PD,FL,
2013,12,10,83.0,M,Orange CSO,FL,
2013,12,11,78.0,F,Orange CSO,FL,
2013,12,12,83.0,M,Flagler CSO,FL,
2013,12,13,81.0,F,Largo PD,FL,
2013,12,14,68.0,F,Lee CSO,FL,
2013,12,15,89.0,M,Edgewater PD,NC,
2013,12,16,81.0,M,Lake CSO,FL,
2013,12,17,77.0,F,Lee CSO,FL,
2013,12,18,80.0,M,Sumter CSO,FL,
2013,12,19,87.0,M,Saint Johns CSO,FL,direct
2013,12,20,83.0,M,Lighthouse Point PD,FL,
2013,12,21,85.0,M,Palm Beach Gardens PD,FL,
2013,12,22,84.0,M,Dunnellon PD,GA,direct
2013,12,23,74.0,M,Palm Beach CSO,FL,
2013,12,24,83.0,F,Delray Beach PD,FL,direct
2013,12,25,88.0,M,Palm Beach CSO,FL,
2013,2,1,69.0,M,Palm Bay PD,FL,
2013,2,2,74.0,M,St. Johns SO,FL,direct
2013,2,3,74.0,M,Polk SO,FL,
2013,2,4,83.0,M,Charlotte SO,FL,
2013,2,5,77.0,M,Palm Beach SO,FL,
2013,2,6,85.0,M,Ft. Lauderdale PD,FL,
2013,2,7,69.0,M,Monroe SO,FL,
2013,2,8,70.0,M,Orlando PD,MD,
2013,2,9,80.0,M,N. Palm Bch Public Safety,FL,
2013,2,10,78.0,M,Pembroke Pines PD,FL,
2013,2,11,76.0,F,Pinellas SO,FL,
2013,2,12,82.0,M,Orange SO,FL,
2013,2,13,60.0,M,Sarasota SO,FL,
2013,1,1,90.0,M,Hallandale Beach PD,FL,
2013,1,2,94.0,M,Ft. Lauderdale PD,FL,
2013,1,3,81.0,F,Lee SO,FL,
2013,1,4,86.0,M,Sarasota SO,FL,
2013,1,5,70.0,F,Palm Beach SO,FL,
2013,1,6,84.0,M,Miramar PD,FL,
2013,1,7,79.0,F,Sarasota SO,FL,
2013,1,8,73.0,M,Winter Haven PD,FL,
2013,1,9,86.0,F,Winter Springs PD,FL,
2013,1,10,90.0,M,Lakeland PD,FL,direct
2013,7,1,67.0,M,Boca Raton PD,FL,
2013,7,2,83.0,F,Kittery PD (Maine),NJ,
2013,7,3,83.0,F,Palm Bay PD,FL,
2013,7,4,82.0,M,Volusia SO,FL,
2013,7,5,83.0,M,Largo PD,FL,
2013,7,6,86.0,M,Polk SO,FL,
2013,7,7,76.0,M,Hialeah PD,FL,
2013,7,8,79.0,M,Volusia SO,FL,
2013,7,9,79.0,M,Boca Raton PD,FL,
2013,7,10,85.0,M,Winter Park PD,FL,
2013,6,1,79.0,M,Orange SO,FL,
2013,6,2,87.0,M,Sneads PD,FL,direct
2013,6,3,90.0,F,Polk SO,FL,direct
2013,6,4,87.0,M,Edgewater PD,FL,
2013,6,5,83.0,F,Citrus SO,GA,
2013,6,6,84.0,M,Sarasota PD,FL,
2013,6,7,81.0,M,Calhoun SO,FL,
2013,6,8,63.0,F,Punta Gorda PD,FL,
2013,6,9,78.0,M,Sumter SO,FL,
2013,6,10,81.0,M,Winter Haven PD,FL,
2013,6,11,86.0,M,Rockledge PD,FL,
2013,6,12,76.0,F,Winter Park PD,FL,direct
2013,6,13,81.0,F,Miami-Dade PD,FL,
2013,6,14,80.0,F,Pinellas SO,FL,
2013,3,1,85.0,M,Punta Gorda PD,FL,direct
2013,3,2,91.0,M,Palm Beach SO,FL,
2013,3,3,78.0,M,Davie PD,FL,
2013,3,4,90.0,M,St. Augustine PD,FL,
2013,3,5,77.0,M,Port. St. Lucie PD,FL,
2013,3,6,82.0,M,Clay SO,GA,direct
2013,3,7,60.0,M,Palm Beach SO,FL,direct
2013,3,8,79.0,M,Pt. St. Lucie PD,FL,
2013,3,9,85.0,M,Delray Beach PD,FL,direct
2013,3,10,71.0,M,Sebring PD,FL,direct
2013,3,11,87.0,M,Hillsborough SO,FL,direct
2013,3,12,77.0,M,Orange SO,FL,
2013,3,13,83.0,F,Haines City PD,FL,
2013,3,14,68.0,M,Orlando PD,FL,
2013,3,15,73.0,M,Lake SO,FL,
2013,5,1,88.0,M,Dekalb County SO in GA,FL,
2013,5,2,77.0,M,Orange SO,FL,
2013,5,3,91.0,M,Sarasota SO,FL,
2013,5,4,86.0,M,Miami Gardens PD,FL,
2013,5,5,76.0,M,Delray Beach PD,FL,
2013,5,6,79.0,F,Broward SO,FL,
2013,5,7,73.0,M,Lee SO,FL,direct
2013,5,8,80.0,F,Sumter SO,FL,
2013,5,9,76.0,M,Hillsborough SO,FL,direct
2013,5,10,74.0,M,West Palm Beach PD,FL,
2013,5,11,88.0,M,Hernando SO,FL,
2013,5,12,86.0,M,Lee SO,FL,
2013,5,13,64.0,F,Venice PD,FL,direct
2013,11,1,85.0,M,Hillsborough SO,FL,indirect
2013,11,2,85.0,M,Orange Park PD,FL,
2013,11,3,82.0,M,Coconut Creek PD,FL,
2013,11,4,70.0,F,Volusia SO,FL,
2013,11,5,79.0,M,Cocoa Beach PD,FL,
2013,11,6,82.0,F,Lighthouse Point PD,FL,
2013,11,7,87.0,M,Marion SO,FL,
2013,11,8,72.0,M,Palm Bay PD,FL,
2013,11,9,75.0,M,Jacksonville SO,FL,
2013,11,10,91.0,M,Seminole SO,FL,
2013,11,11,63.0,M,Lake SO,FL,
2013,11,12,70.0,M,Jacksonville SO,FL,
2013,10,1,79.0,M,Orange SO,FL,
2013,10,2,70.0,M,Hollywood PD,FL,
2013,10,3,86.0,F,Port St. Lucie PD,FL,direct
2013,10,4,81.0,M,Leon SO,FL,
2013,10,5,78.0,M,Broward SO,FL,
2013,10,6,87.0,M,Bradenton Beach PD,GA,
2013,10,7,73.0,M,Charlotte SO,FL,
2013,10,8,80.0,F,Sebastian PD,FL,
2013,10,9,81.0,M,Lee SO,FL,
2013,10,10,91.0,M,St. Lucie SO,NJ,
2013,10,11,81.0,M,Palm Beach SO,FL,
2013,9,1,78.0,M,Okaloosa SO,FL,
2013,9,2,89.0,M,Pinellas SO,FL,
2013,9,3,83.0,M,North Miami Beach PD,FL,
2013,9,4,89.0,M,Jacksonville SO,FL,
2013,9,5,90.0,M,Volusia SO,FL,
2013,9,6,71.0,M,Clay SO,NC,
2013,9,7,81.0,M,Broward SO,FL,
2013,9,8,80.0,F,Port St. Lucie PD,FL,
2013,9,9,80.0,M,Marion SO,FL,
2013,9,10,81.0,M,Jackson SO,FL,
2014,4,1,82.0,F,Broward CSO,FL,
2014,4,2,76.0,M,Greenacres Public Safety,FL,
2014,4,3,92.0,F,Fort Pierce PD,SC,
2014,4,4,82.0,M,Melbourne PD,FL,direct
2014,4,5,72.0,F,Pasco CSO,FL,
2014,4,6,86.0,M,Port St. Lucie PD,FL,
2014,4,7,58.0,F,Winter Haven PD,FL,
2014,4,8,88.0,M,Lake CSO,FL,
2014,4,9,85.0,M,Citrus CSO,FL,
2014,4,10,77.0,F,Miami Gardens PD,FL,
2014,4,11,78.0,F,Broward CSO,FL,direct
2014,4,12,80.0,M,Lee CSO,FL,
2014,4,13,79.0,F,Fort Myers PD,FL,direct
2014,4,14,67.0,M,Escambia CSO,AL,
2014,4,15,77.0,M,Polk CSO,FL,
2014,4,16,85.0,F,Jacksonville SO,FL,
2014,4,17,81.0,M,Volusia CSO,FL,
2014,4,18,87.0,M,Hernando CSO,FL,direct
2014,4,19,78.0,M,Deland PD,FL,
2014,8,1,71.0,M,Orange County SO,FL,
2014,8,2,74.0,M,Pasco County SO,FL,
2014,8,3,80.0,M,Lee County SO,FL,indirect
2014,8,4,74.0,F,Miami Dade PD,FL,
2014,8,5,51.0,F,Marion County SO,FL,
2014,8,6,77.0,F,Brevard County SO,FL,
2014,8,7,75.0,F,Margate PD,FL,
2014,8,8,82.0,F,Fort Lauderdale PD,FL,
2014,8,9,82.0,M,Pinellas Park PD,GA,
2014,8,10,76.0,M,Hialeah PD,FL,
2014,8,11,91.0,M,Sarasota CSO,FL,
2014,12,1,81.0,F,Miami Dade PD,FL,
2014,12,2,78.0,M,Fort Lauderdale PD,FL,
2014,12,3,79.0,M,Seminole CSO,FL,
2014,12,4,64.0,M,Pasco CSO,FL,
2014,12,5,79.0,M,St. Petersburg PD,FL,
2014,12,6,81.0,M,Nassau CSO,FL,
2014,12,7,81.0,M,Margate PD,FL,
2014,12,8,81.0,F,Volusia CSO,FL,
2014,12,9,82.0,M,Miami Dade PD,FL,
2014,12,10,87.0,M,Clay CSO,FL,
2014,12,11,76.0,M,Martin CSO,GA,
2014,12,12,79.0,M,Winter Haven PD,FL,
2014,12,13,83.0,M,Collier CSO,FL,
2014,12,14,74.0,F,Winter Haven PD,FL,direct
2014,12,15,88.0,M,Marion CSO,SC,
2014,12,16,78.0,M,Lauderhill PD,FL,
2014,12,17,81.0,M,Sumter CSO,FL,
2014,12,18,64.0,M,Ormond Beach PD,FL,
2014,12,19,79.0,M,Palm Beach CSO,FL,
2014,12,20,78.0,M,Miami Dade PD,FL,
2014,12,21,89.0,M,Manatee CSO,AZ,
2014,12,22,74.0,F,Escambia CSO,FL,
2014,12,23,77.0,M,Green Cove Springs PD,FL,
2014,12,24,68.0,M,Escambia CSO,FL,
2014,2,1,76.0,M,Pinellas CSO,FL,
2014,2,2,70.0,M,Palm Beach CSO,AL,
2014,2,3,84.0,M,Palm Beach CSO,FL,
2014,2,4,86.0,M,Largo PD,FL,
2014,2,5,80.0,F,Sunrise PD,FL,
2014,2,6,73.0,M,Port St. Lucie PD,FL,
2014,2,7,83.0,F,Bay CSO,MS,
2014,2,8,89.0,M,Polk CSO,FL,direct
2014,2,9,84.0,F,Escambia CSO,FL,
2014,2,10,76.0,F,Tequesta PD,FL,
2014,2,11,77.0,F,Orange CSO,FL,
2014,2,12,91.0,M,Jacksonville CSO,FL,
2014,2,13,73.0,M,Collier CSO,FL,indirect
2014,2,14,85.0,M,St. Lucie CSO,GA,
2014,2,15,84.0,F,Clay CSO,FL,
2014,2,16,83.0,M,Port St. Lucie PD,FL,
2014,2,17,89.0,F,Pasco CSO,FL,
2014,2,18,68.0,M,Citrus CSO,FL,
2014,2,19,85.0,M,Venice PD,FL,
2014,2,20,79.0,M,Gadsden CSO,FL,
2014,2,21,73.0,F,Palm Beach CSO,FL,direct
2014,2,22,85.0,M,Walton CSO,FL,
2014,2,23,75.0,F,Palm Beach CSO,FL,
2014,1,1,83.0,M,Sarasota CSO,FL,
2014,1,2,70.0,M,Jacksonville SO,FL,
2014,1,3,76.0,M,Hialeah PD,FL,
2014,1,4,75.0,M,Palm Beach CSO,FL,
2014,1,5,83.0,F,Port Saint Joe PD,GA,
2014,1,6,77.0,F,Lee CSO,FL,
2014,1,7,74.0,M,Marion CSO,FL,
2014,1,8,73.0,M,High Springs PD,FL,
2014,1,9,81.0,M,Pembroke Pines PD,FL,
2014,1,10,61.0,M,Cocoa PD,FL,
2014,1,11,80.0,M,Coral Springs PD,FL,
2014,1,12,67.0,M,Jacksonville SO,FL,direct
2014,1,13,86.0,M,Hernando SO,FL,
2014,1,14,75.0,M,Polk CSO,GA,
2014,7,1,82.0,M,Miami PD,FL,direct
2014,7,2,90.0,F,Neptune Beach PD,FL,direct
2014,7,3,82.0,M,Davie PD,FL,
2014,7,4,65.0,M,Cape Coral PD,AL,
2014,7,5,80.0,M,Hialeah PD,FL,
2014,7,6,83.0,M,Volusia CSO,FL,
2014,7,7,83.0,M,Marion CSO,FL,
2014,7,8,79.0,M,Jupiter PD,,
2014,7,9,79.0,M,Broward CSO,FL,
2014,7,10,59.0,M,West Palm Beach PD,FL,
2014,7,11,79.0,M,Palmetto PD,FL,direct
2014,7,12,86.0,F,West Palm Beach PD,FL,
2014,7,13,86.0,M,Charlotte CSO,GA,
2014,7,14,73.0,F,Jacksonville SO,GA,
2014,6,1,80.0,F,Broward CSO,FL,
2014,6,2,84.0,M,Hillsborough CSO,FL,
2014,6,3,81.0,M,Miramar PD,FL,
2014,6,4,60.0,F,Sarasota PD,FL,
2014,6,5,86.0,M,Sumter CSO,FL,
2014,6,6,76.0,M,Arcadia PD,FL,
2014,6,7,77.0,M,Orange CSO,FL,
2014,6,8,53.0,F,Palm Beach CSO,FL,
2014,6,9,80.0,M,Pasco CSO,FL,
2014,6,10,89.0,M,Daytona Beach PD,FL,
2014,6,11,83.0,M,Miami Dade PD,FL,
2014,6,12,84.0,M,Indian River CSO,FL,indirect
2014,6,13,78.0,M,Charlotte CSO,FL,
2014,6,14,77.0,F,Walton CSO,FL,direct
2014,6,15,73.0,M,Miami Dade PD,FL,
2014,6,16,83.0,M,Saint Johns CSO,VA,
2014,6,17,75.0,F,Port St. Lucie PD,FL,
2014,6,18,78.0,M,Volusia CSO,FL,
2014,6,19,80.0,M,Hialeah PD,FL,
2014,3,1,82.0,M,Port St. Lucie PD,FL,direct
2014,3,2,88.0,M,Seminole CSO,FL,
2014,3,3,87.0,M,Palm Beach CSO,FL,
2014,3,4,69.0,F,St. Johns CSO,FL,direct
2014,3,5,79.0,M,Greenacres Public Safety,FL,
2014,3,6,72.0,F,Miami-Dade PD,FL,
2014,3,7,85.0,M,Tampa PD,FL,
2014,3,8,64.0,F,Lee CSO,MN,
2014,3,9,64.0,F,Miami-Dade PD,FL,
2014,3,10,82.0,F,Miami-Dade PD,FL,
2014,3,11,74.0,F,Hollywood PD,FL,
2014,3,12,86.0,M,Port St. Lucie PD,FL,
2014,3,13,80.0,M,Greenacres Public Safety,FL,
2014,3,14,83.0,M,Charlotte CSO,FL,direct
2014,3,15,63.0,M,Palm Beach CSO,FL,
2014,3,16,85.0,M,Collier CSO,FL,
2014,5,1,77.0,M,Volusia CSO,FL,
2014,5,2,78.0,M,Miami Gardens PD,FL,
2014,5,3,81.0,M,Hillsborough CSO,FL,
2014,5,4,71.0,M,Volusia CSO,FL,
2014,5,5,85.0,M,Coconut Creek PD,NC,
2014,5,6,84.0,M,Greenacres Public Safety,FL,indirect
2014,5,7,77.0,F,Deland PD,NC,
2014,5,8,76.0,F,Pasco CSO,FL,
2014,5,9,69.0,F,Palm Beach CSO,FL,
2014,5,10,83.0,M,Palatka PD,FL,
2014,5,11,88.0,M,Palm Beach CSO,FL,
2014,5,12,73.0,M,Largo PD,FL,
2014,5,13,82.0,F,Port St. Lucie PD,GA,
2014,5,14,92.0,M,Miami Dade PD,FL,
2014,5,15,82.0,M,Pinellas Park PD,FL,
2014,5,16,82.0,M,Hollywood PD,FL,
2014,5,17,71.0,M,Seminole CSO,FL,
2014,5,18,91.0,M,Indian River CSO,FL,
2014,11,1,79.0,M,"Orlando, FL",FL,direct
2014,11,2,84.0,M,Margate PD,FL,
2014,11,3,82.0,M,Hallandale Beach PD,FL,
2014,11,4,69.0,M,Tarpon Springs PD,FL,
2014,11,5,66.0,F,Longboat Key PD,FL,
2014,11,6,83.0,M,Manatee County SO,FL,
2014,11,7,83.0,M,Osceola County SO,FL,direct
2014,11,8,78.0,M,Winter Haven PD,GA,
2014,11,9,71.0,M,Pinellas County SO,FL,
2014,11,10,85.0,M,Highlands County SO,FL,
2014,11,11,84.0,M,Lee County SO,GA,
2014,11,12,79.0,F,Plantation PD,FL,
2014,11,13,65.0,M,North Miami Beach PD,FL,
2014,11,14,67.0,M,Lake County SO,FL,
2014,10,1,68.0,M,Polk County SO,IL,
2014,10,2,62.0,F,Brevard County SO,FL,
2014,10,3,79.0,M,Hillsborough County SO,FL,
2014,10,4,84.0,M,Winter Park PD,FL,
2014,10,5,78.0,M,Charlotte County SO,FL,
2014,10,6,72.0,F,Manatee County SO,FL,direct
2014,10,7,76.0,M,Coconut Creek PD,FL,direct
2014,10,8,79.0,F,Port St. Lucie PD,FL,indirect
2014,10,9,86.0,M,Port Orange PD,FL,
2014,10,10,78.0,F,Miami Gardens PD,FL,
2014,10,11,77.0,F,Lee County SO,FL,
2014,10,12,79.0,M,Seminole County SO,FL,
2014,10,13,81.0,M,Bradenton PD,IL,
2014,10,14,68.0,M,Hallandale Beach PD,FL,
2014,10,15,79.0,M,Osceola County SO,FL,
2014,10,16,73.0,M,Polk County SO,FL,
2014,10,17,85.0,M,West Palm Beach PD,FL,
2014,9,1,80.0,M,Escambia County SO,FL,
2014,9,2,71.0,M,Polk County SO,FL,
2014,9,3,70.0,M,Cape Coral PD,FL,
2014,9,4,82.0,M,Pinellas County SO,FL,
2014,9,5,81.0,M,Volusia County SO,FL,
2014,9,6,77.0,M,Jacksonville SO,FL,
2014,9,7,90.0,M,Lee County SO,FL,
2014,9,8,85.0,M,Port St. Lucie PD,FL,
2014,9,9,82.0,F,Tarpon Springs PD,FL,
2014,9,10,44.0,F,Broward County SO,FL,
2014,9,11,65.0,M,Manatee County SO,OH,
2014,9,12,71.0,F,Jacksonville SO,FL,
2014,9,13,77.0,M,Jacksonville SO,FL,
2014,9,14,74.0,M,Panama City PD,FL,
2015,4,1,78.0,M,Manatee County SO,FL,direct
2015,4,2,84.0,M,Palm Beach County SO,FL,
2015,4,3,74.0,M,Pembroke Pines PD,FL,
2015,4,4,77.0,F,Baker County SO,FL,direct
2015,4,5,79.0,M,Tampa PD,FL,
2015,4,6,74.0,M,Ocoee PD,FL,
2015,4,7,77.0,M,Volusia County SO,FL,
2015,4,8,65.0,M,Lake County SO,FL,
2015,4,9,81.0,M,Tallahassee PD,FL,
2015,4,10,79.0,M,Fort Myers PD,FL,
2015,4,11,85.0,M,Eatonville PD,FL,
2015,4,12,87.0,F,Orange County SO,FL,
2015,4,13,82.0,M,Putnam County SO,FL,
2015,4,14,79.0,M,Polk County SO,FL,
2015,4,15,81.0,M,Indian River County SO,FL,
2015,4,16,84.0,M,Hernando County SO,FL,
2015,4,17,65.0,F,Venice PD,FL,direct
2015,4,18,82.0,M,Charlotte County SO,FL,direct
2015,4,19,81.0,M,Polk County SO,FL,
2015,4,20,78.0,M,Highlands County SO,FL,
2015,4,21,79.0,F,Glades County SO,FL,
2015,4,22,72.0,F,Broward County SO,FL,
2015,8,1,82.0,M,Homestead PD,FL,
2015,8,2,79.0,M,Indian River County SO,FL,
2015,8,3,82.0,M,Palmetto PD,SC,
2015,8,4,73.0,F,Plantation PD,FL,
2015,8,5,87.0,M,Lee County SO,FL,direct
2015,8,6,76.0,M,Polk County SO,FL,
2015,8,7,78.0,M,Tallahassee PD,FL,
2015,8,8,84.0,M,Hialeah PD,FL,
2015,8,9,91.0,M,Hillsborough County SO,FL,direct
2015,8,10,89.0,F,Sarasota County SO,FL,
2015,8,11,83.0,M,Hillsborough County SO,FL,
2015,8,12,74.0,F,Marion County SO,FL,
2015,12,1,63.0,M,Palm Beach County SO,FL,
2015,12,2,60.0,F,Santa Rosa County SO,FL,
2015,12,3,80.0,M,Palm Beach County SO,FL,
2015,12,4,94.0,M,Flagler County SO,FL,
2015,12,5,91.0,M,Sarasota County SO,FL,indirect
2015,12,6,73.0,M,Punta Gorda PD,not found,
2015,12,7,65.0,M,St. Johns County SO,FL,
2015,12,8,81.0,M,Melbourne PD,FL,
2015,12,9,72.0,M,Santa Rosa County SO,AL,
2015,12,10,58.0,M,Indian River County SO,FL,
2015,12,11,84.0,M,Sebring PD,FL,
2015,12,12,73.0,F,Seminole County SO,FL,
2015,12,13,84.0,M,Cape Coral PD,FL,
2015,12,14,77.0,M,Clearwater PD,FL,
2015,12,15,76.0,M,Tallahassee PD,FL,
2015,12,16,75.0,M,Margate PD,FL,
2015,12,17,75.0,M,Volusia County SO,FL,
2015,12,18,70.0,F,Jacksonville SO,not found,indirect
2015,2,1,87.0,M,Lee County Sheriff’s Office,FL,
2015,2,2,81.0,F,Fort Myers PD,FL,
2015,2,3,93.0,F,Fort Pierce PD,FL,indirect
2015,2,4,74.0,F,Marion County SO,FL,
2015,2,5,73.0,M,Pinellas County SO,FL,
2015,2,6,66.0,F,Clearwater PD,GA,
2015,2,7,74.0,F,Lee County SO,FL,
2015,2,8,78.0,M,Sarasota County SO,FL,
2015,2,9,55.0,M,Palm Beach County SO,FL,
2015,2,10,90.0,M,Citrus County SO,FL,
2015,2,11,87.0,M,Pasco County SO,FL,
2015,2,12,78.0,F,Gainesville PD,FL,
2015,2,13,77.0,M,Gainesville PD,FL,
2015,2,14,81.0,M,Marion County SO,FL,
2015,2,15,79.0,M,Pinellas County SO,FL,direct
2015,2,16,68.0,F,Miami-Dade PD,FL,
2015,2,17,83.0,M,Hillsborough County SO,FL,
2015,2,18,77.0,M,Polk County SO,FL,
2015,2,19,83.0,M,Lee County SO,FL,
2015,2,20,77.0,M,Sumter County SO,FL,
2015,2,21,85.0,M,Pembroke Pines PD,FL,
2015,2,22,82.0,M,Homestead PD,FL,
2015,1,1,73.0,M,Lake County SO,FL,direct
2015,1,2,61.0,M,Winter Haven PD,FL,
2015,1,3,77.0,M,Clearwater PD,FL,
2015,1,4,84.0,M,Pasco County SO,FL,
2015,1,5,78.0,F,Pasco County SO,FL,
2015,1,6,85.0,M,Jacksonville SO,FL,
2015,1,7,87.0,M,Pembroke Pines PD,FL,
2015,1,8,66.0,M,Titusville Police Department,FL,
2015,1,9,88.0,M,Charlotte County SO,FL,
2015,1,10,85.0,M,Miami-Dade PD,FL,
2015,1,11,72.0,F,Miami-Dade PD,FL,
2015,1,12,86.0,F,Plant City PD,FL,
2015,1,13,77.0,M,Miami-Dade PD,FL,
2015,1,14,62.0,M,Osceola County SO,FL,
2015,1,15,92.0,F,Sarasota PD,FL,
2015,1,16,69.0,F,Pinellas County SO,FL,indirect
2015,1,17,82.0,F,Fort Lauderdale PD,FL,
2015,1,18,92.0,M,Seminole County SO,FL,
2015,1,19,74.0,M,Collier County SO,FL,
2015,1,20,70.0,M,Coral Springs PD,FL,
2015,1,21,81.0,F,Volusia County SO,FL,
2015,1,22,80.0,F,Pinellas County SO,FL,
2015,7,1,86.0,F,Palm Beach County SO,FL,
2015,7,2,84.0,M,Hialeah PD,FL,
2015,7,3,75.0,M,Broward County SO,FL,
2015,7,4,79.0,M,Riviera Beach PD,,
2015,7,5,68.0,F,Sarasota County SO,FL,direct
2015,7,6,82.0,M,Greenacres Public Safety,FL,
2015,7,7,88.0,M,Flagler County SO,FL,indirect
2015,7,8,78.0,M,Jacksonville SO,FL,
2015,7,9,90.0,M,St. Lucie County SO,FL,
2015,7,10,75.0,F,Escambia County SO,FL,
2015,7,11,85.0,M,Brevard County SO,FL,
2015,7,12,89.0,M,Highlands County SO,FL,
2015,7,13,71.0,M,Kissimmee PD,SC,
2015,7,14,85.0,M,Flagler County SO,FL,
2015,7,15,79.0,M,Pasco County SO,FL,
2015,7,16,83.0,M,Calhoun County SO,FL,
2015,7,17,72.0,M,Pasco County SO,FL,
2015,7,18,74.0,M,Hallandale Beach PD,VA,
2015,6,1,72.0,M,Indian River County SO,FL,
2015,6,2,83.0,M,Flagler County SO,FL,
2015,6,3,76.0,M,Ocala PD,FL,
2015,6,4,69.0,M,Jacksonville SO,FL,
2015,6,5,68.0,M,Manatee County SO,FL,
2015,6,6,81.0,M,Palm Beach County SO,FL,
2015,6,7,86.0,M,Jupiter Inlet Colony PD,FL,
2015,6,8,81.0,M,Palm Beach County SO,FL,
2015,6,9,83.0,M,Hillsborough County SO,FL,
2015,6,10,82.0,M,Lee County SO,FL,
2015,6,11,87.0,M,Largo PD,FL,
2015,6,12,84.0,M,Marion County SO,FL,indirect
2015,6,13,87.0,M,Daytona Beach PD,FL,
2015,6,14,82.0,M,Martin County SO,FL,
2015,6,15,82.0,F,Ocoee PD,FL,
2015,6,16,80.0,M,Port St Lucie PD,FL,
2015,6,17,78.0,F,Lake County SO,GA,
2015,6,18,94.0,M,Sarasota PD,FL,
2015,3,1,76.0,M,Palm Beach County SO,FL,
2015,3,2,83.0,M,Orange Park PD,FL,
2015,3,3,71.0,F,Lakeland PD,FL,
2015,3,4,72.0,F,Miami-Dade PD,FL,
2015,3,5,72.0,M,Seminole County SO,FL,
2015,3,6,84.0,M,Edgewater PD,FL,direct
2015,3,7,79.0,M,Belleview PD,GA,direct
2015,3,8,78.0,F,Miami-Dade PD,FL,
2015,3,9,90.0,M,Pasco County SO,FL,
2015,3,10,79.0,F,Hillsborough County SO,FL,
2015,3,11,86.0,M,Lynn Haven PD,FL,
2015,3,12,87.0,F,Stuart PD,FL,
2015,3,13,78.0,M,Tavares PD,FL,
2015,3,14,70.0,M,Zephyrhills PD,FL,
2015,3,15,85.0,M,Palm Beach County SO,FL,
2015,5,1,82.0,F,Indian River County SO,FL,
2015,5,2,79.0,M,Miami-Dade PD,FL,direct
2015,5,3,85.0,F,Altamonte Springs PD,FL,
2015,5,4,83.0,M,Zephyrhills PD,FL,direct
2015,5,5,85.0,M,Tampa PD,FL,direct
2015,5,6,59.0,F,Doral PD,FL,
2015,5,7,85.0,M,Orange County SO,FL,
2015,5,8,86.0,F,Palm Beach County SO,FL,
2015,5,9,72.0,M,Miami-Dade PD,FL,
2015,5,10,77.0,M,Hollywood PD,FL,
2015,5,11,79.0,F,Sarasota PD,FL,direct
2015,5,12,91.0,M,Pembroke Pines PD,FL,
2015,5,13,67.0,F,Lee County SO,FL,
2015,5,14,86.0,M,Seminole County SO,FL,
2015,5,15,83.0,F,Escambia County SO,FL,
2015,5,16,90.0,M,Pasco County SO,FL,
2015,5,17,54.0,F,"Cary PD, NC",FL,direct
2015,5,18,87.0,F,Flagler County So,FL,
2015,11,1,91.0,M,Hillsborough County SO,FL,
2015,11,2,69.0,M,St. Johns County SO,FL,
2015,11,3,74.0,M,Treasure Island PD,FL,
2015,11,4,79.0,F,Pembroke Pines PD,FL,
2015,11,5,85.0,M,Okeechobee County SO,FL,
2015,11,6,86.0,M,Apopka  PD,FL,direct
2015,11,7,74.0,M,Lee County SO,FL,
2015,11,8,63.0,M,Indian River County SO,FL,
2015,11,9,85.0,M,Sunrise PD,IL,
2015,11,10,67.0,M,Miami PD,FL,
2015,11,11,76.0,F,Miami PD,FL,direct
2015,11,12,85.0,M,Volusia County SO,FL,
2015,11,13,75.0,F,Tallahassee PD,FL,
2015,11,14,78.0,M,Miami Dade PD,FL,
2015,11,15,67.0,M,Margate PD,FL,
2015,11,16,78.0,M,Volusia County SO,FL,
2015,11,17,90.0,M,Coral Springs PD,FL,
2015,11,18,89.0,M,Winter Garden PD,FL,direct
2015,11,19,87.0,M,Collier County SO,FL,direct
2015,10,1,76.0,M,Pinellas County SO,FL,
2015,10,2,84.0,F,Palm Beach County SO,FL,
2015,10,3,82.0,M,Daytona Beach PD,FL,
2015,10,4,95.0,M,Polk County SO,FL,
2015,10,5,85.0,M,Collier County SO,FL,
2015,10,6,77.0,M,Pasco County SO,FL,
2015,10,7,75.0,M,Daytona Beach PD,FL,
2015,10,8,79.0,M,Indian River County SO,FL,
2015,10,9,80.0,M,Orlando PD,FL,
2015,10,10,92.0,M,Broward SO,FL,
2015,10,11,85.0,M,Largo PD,FL,
2015,10,12,74.0,M,Hillsborough County SO,FL,
2015,10,13,80.0,M,Miami-Dade PD,FL,
2015,10,14,77.0,F,Miramar PD,FL,
2015,10,15,84.0,M,Citrus County SO,FL,direct
2015,10,16,74.0,F,Palm Beach County SO,FL,
2015,10,17,62.0,M,Apopka PD,FL,
2015,10,18,85.0,M,Hernando County SO,FL,
2015,10,19,83.0,M,St. Petersburg PD,FL,
2015,10,20,81.0,F,Clearwater PD,FL,
2015,10,21,72.0,M,Miami PD,FL,
2015,10,22,72.0,M,Wakulla County SO,FL,
2015,10,23,77.0,M,Lee County SO,FL,
2015,10,24,76.0,M,Leesburg PD,FL,
2015,9,1,87.0,M,Sarasota County SO,FL,
2015,9,2,90.0,F,Sebastian PD,FL,
2015,9,3,88.0,M,Pinellas County SO,FL,
2015,9,4,78.0,M,Charlotte County SO,FL,direct
2015,9,5,80.0,M,Jupiter PD,NJ,
2015,9,6,81.0,F,Miami-Dade PD,FL,
2015,9,7,81.0,F,Miami-Dade PD,FL,
2015,9,8,85.0,F,Marion County SO,FL,
2015,9,9,83.0,M,Martin County SO,FL,
2015,9,10,59.0,M,Melbourne PD,FL,
2015,9,11,72.0,F,Holly Hill PD,FL,
2015,9,12,87.0,F,Miami-Dade PD,FL,
2015,9,13,80.0,F,Gainesville PD,FL,
2015,9,14,77.0,F,Opa Locka PD,FL,
2015,9,15,80.0,M,St. Johns County SO,GA,
2015,9,16,85.0,M,Holmes County SO,FL,
2015,9,17,79.0,M,Broward County SO,FL,
2015,9,18,90.0,M,Palm Beach County SO,FL,
2015,9,19,83.0,M,Pasco County SO,FL,
2015,9,20,79.0,F,Casselberry PD,FL,
2015,9,21,88.0,M,Maitland PD,FL,
2015,9,22,69.0,M,Hialeah Gardens PD,GA,
2015,9,23,72.0,M,Fort Lauderdale PD,FL,
2015,9,24,90.0,M,Lee County SO,FL,direct
2016,4,1,87.0,M,Sarasota County SO,FL,direct
2016,4,2,81.0,M,Hillsborough County SO,GA,
2016,4,3,85.0,M,Pinellas SO,FL,
2016,4,4,81.0,F,Volusia County SO,FL,direct
2016,4,5,76.0,M,Wakulla County SO,FL,
2016,4,6,85.0,F,Escambia County SO,FL,
2016,4,7,80.0,M,Orange County SO,FL,
2016,4,8,89.0,M,Leon County SO,FL,
2016,4,9,82.0,F,Miami-Dade PD,FL,
2016,4,10,81.0,M,Orange County SO,FL,
2016,4,11,79.0,M,Citrus County SO,FL,
2016,8,1,74.0,F,Cape Coral PD,FL,
2016,8,2,72.0,M,Manatee County SO,NY,
2016,8,3,70.0,M,Lee County SO,KY,
2016,8,4,81.0,M,Polk County SO,FL,
2016,8,5,75.0,M,Leon County SO,FL,
2016,8,6,92.0,M,Putnam County SO,FL,
2016,8,7,85.0,F,Escambia County SO,FL,
2016,8,8,63.0,M,Clearwater PD,FL,
2016,8,9,63.0,F,Miami Dade PD,FL,
2016,8,10,89.0,M,Pinellas Park PD,FL,
2016,8,11,76.0,M,Columbia County SO,FL,
2016,8,12,83.0,M,Jacksonville SO,FL,
2016,8,13,75.0,F,Pasco County SO,FL,
2016,8,14,66.0,F,Auburndale PD,FL,indirect
2016,8,15,80.0,M,Martin County SO,FL,
2016,12,1,91.0,M,Ocala PD,FL,
2016,12,2,71.0,F,Sarasota County SO,FL,direct
2016,12,3,62.0,F,Charlotte County SO,GA,
2016,12,4,88.0,M,Palm Beach County SO,FL,direct
2016,12,5,79.0,M,Walton County SO,FL,
2016,12,6,90.0,M,Palm Beach County SO,FL,
2016,12,7,79.0,M,Orange County SO,FL,
2016,12,8,85.0,F,Hillsborough County SO,FL,
2016,12,9,73.0,M,Sumter County SO,FL,
2016,12,10,87.0,M,Sebastian PD,FL,
2016,12,11,73.0,M,Marion County SO,FL,direct
2016,12,12,69.0,M,Palm Beach County SO,FL,
2016,12,13,69.0,F,Miami-Dade PD,not found,
2016,12,14,80.0,M,Cape Coral PD,FL,
2016,12,15,80.0,F,Pembroke Pines PD,FL,
2016,12,16,79.0,F,Hillsborough County SO,FL,
2016,12,17,86.0,M,Collier County SO,FL,
2016,12,18,92.0,M,Hillsborough County SO,FL,
2016,12,19,80.0,M,Orange County SO,FL,
2016,12,20,83.0,F,Coral Springs PD,FL,
2016,12,21,82.0,M,Ft. Lauderdale PD,FL,
2016,12,22,73.0,F,Charlotte County SO,FL,
2016,12,23,73.0,F,Sarasota County SO,FL,
2016,12,24,73.0,M,Hillsborough County SO,FL,
2016,2,1,80.0,M,Sumter County SO,FL,
2016,2,2,85.0,F,Charlotte County SO,FL,
2016,2,3,76.0,M,Winter Park PD,FL,
2016,2,4,73.0,F,Citrus County SO,FL,
2016,2,5,73.0,F,Miami PD,FL,
2016,2,6,82.0,M,Hernando County SO,FL,
2016,2,7,83.0,M,Broward County SO,FL,
2016,2,8,76.0,F,Leon County SO,FL,
2016,2,9,91.0,M,Lake County SO,FL,
2016,2,10,81.0,M,Collier County SO,FL,direct
2016,2,11,73.0,M,Sarasota County SO,FL,direct
2016,2,12,76.0,M,Gulf Breeze PD,FL,
2016,2,13,86.0,M,Lakeland PD,GA,
2016,2,14,69.0,M,Coral Springs PD,FL,
2016,2,15,86.0,M,Port Orange PD,FL,
2016,2,16,86.0,M,Palm Beach County SO,FL,direct
2016,2,17,92.0,M,Clay County SO,GA,
2016,2,18,74.0,F,Broward County SO,FL,
2016,2,19,82.0,M,Hernando County SO,FL,
2016,2,20,88.0,M,Orange County SO,FL,
2016,2,21,78.0,M,Union County SO,FL,
2016,2,22,88.0,F,Gulfport PD,FL,
2016,2,23,68.0,M,Lee County SO,FL,
2016,2,24,84.0,M,Orlando PD,FL,
2016,2,25,64.0,M,Escambia County SO,FL,
2016,2,26,85.0,M,Citrus County SO,FL,
2016,2,27,55.0,F,Hallandale Beach PD,FL,
2016,1,1,86.0,M,St. Johns County SO,FL,
2016,1,2,83.0,M,Hollywood PD,FL,direct
2016,1,3,76.0,M,Vero Beach PD,FL,direct
2016,1,4,60.0,M,Charlotte County SO,FL,
2016,1,5,86.0,M,Ocala PD,FL,direct
2016,1,6,85.0,M,St. Lucie  County SO,FL,
2016,1,7,74.0,M,Citrus County SO,FL,
2016,1,8,67.0,M,Boca Raton PD,FL,
2016,1,9,81.0,M,Miami-Dade PD,FL,
2016,1,10,79.0,M,Indian River County SO,FL,
2016,1,11,83.0,M,Hernando County SO,FL,direct
2016,1,12,85.0,M,Jacksonville County SO,GA,
2016,1,13,82.0,F,Coconut Creek PD,FL,
2016,1,14,77.0,F,Flagler  County SO,FL,
2016,1,15,82.0,M,Putnam  County SO,FL,indirect
2016,1,16,84.0,M,Palm Bay PD,FL,
2016,1,17,82.0,M,Palm Beach PD,FL,
2016,1,18,91.0,M,Palm Beach County SO,FL,
2016,1,19,88.0,M,Miami-Dade PD,FL,
2016,1,20,83.0,M,Palm Beach County SO,FL,
2016,1,21,80.0,M,Highlands County SO,FL,direct
2016,1,22,81.0,F,Lauderhill PD,FL,
2016,7,1,81.0,F,Suwannee County SO,FL,
2016,7,2,81.0,F,Jacksonville SO,FL,
2016,7,3,78.0,M,Marion County SO,FL,
2016,7,4,86.0,F,Marion County SO,FL,
2016,7,5,83.0,M,Marion County SO,FL,
2016,7,6,63.0,M,Lake County SO,FL,
2016,7,7,75.0,F,Palm Beach County SO,FL,
2016,7,8,85.0,M,Palm Springs Public Safety Department,FL,
2016,7,9,81.0,F,Orlando PD,FL,
2016,7,10,76.0,M,Palm Beach County SO,FL,direct
2016,7,11,67.0,F,Delray Beach PD,FL,
2016,7,12,62.0,M,Groveland PD,FL,
2016,7,13,95.0,M,Port St. Lucie PD,FL,
2016,7,14,72.0,M,Bradenton PD,FL,direct
2016,7,15,86.0,M,Volusia County SO,FL,
2016,7,16,80.0,M,Volusia County SO,FL,
2016,7,17,86.0,M,Charlotte County SO,AL,
2016,7,18,56.0,M,Santa Rosa County SO,IN,
2016,7,19,87.0,M,Seminole County SO,FL,
2016,7,20,78.0,M,New Smyrna Beach PD,FL,
2016,7,21,82.0,M,Port St. Lucie PD,FL,
2016,7,22,76.0,M,Tampa PD,FL,
2016,6,1,82.0,M,Marion County SO,FL,
2016,6,2,91.0,M,Hillsborough County SO,FL,
2016,6,3,63.0,M,Leon County SO,AL,
2016,6,4,78.0,M,Haines City PD,FL,
2016,6,5,87.0,M,Davie PD,FL,
2016,6,6,74.0,F,Nassau County SO,FL,
2016,6,7,85.0,M,St. Johns County SO,FL,
2016,6,8,77.0,M,Sumter County SO,FL,
2016,6,9,88.0,M,Marion County SO,FL,
2016,6,10,84.0,M,Polk County SO,FL,direct
2016,6,11,79.0,M,Charlotte County SO,FL,
2016,6,12,82.0,M,Gainesville PD,FL,
2016,6,13,81.0,M,St. Petersburg PD,FL,
2016,6,14,94.0,M,Palm Beach County SO,FL,
2016,6,15,78.0,M,Baker County SO,FL,
2016,6,16,85.0,F,Marion County SO,FL,
2016,6,17,68.0,M,West Palm Beach PD,FL,
2016,6,18,73.0,M,Orange County SO,FL,
2016,6,19,81.0,M,Winter Park PD,FL,
2016,6,20,91.0,M,Volusia County SO,GA,
2016,6,21,71.0,F,Okeechobee County SO,FL,
2016,6,22,92.0,M,Lake County SO,FL,
2016,6,23,69.0,M,Volusia County SO,FL,
2016,6,24,80.0,M,Lee County SO,FL,
2016,6,25,66.0,F,Orange County SO,FL,
2016,6,26,84.0,M,Marion County SO,GA,
2016,6,27,83.0,M,Collier County SO,FL,
2016,3,1,79.0,M,Charlotte County SO,FL,direct
2016,3,2,82.0,M,Pinellas County SO,FL,
2016,3,3,79.0,M,Polk County SO,FL,
2016,3,4,86.0,M,Orange County SO,FL,
2016,3,5,73.0,F,Clay County SO,FL,
2016,3,6,77.0,F,Fort Lauderdale PD,FL,
2016,3,7,84.0,M,Hollywood PD,FL,
2016,3,8,88.0,M,Sarasota County SO,FL,
2016,3,9,81.0,M,Clearwater PD,FL,
2016,3,10,78.0,M,Delray Beach PD,FL,
2016,3,11,84.0,M,Tampa PD,FL,
2016,3,12,94.0,M,Coconut Creek PD,FL,
2016,3,13,79.0,F,Lauderhill PD,FL,
2016,3,14,87.0,M,Manatee County SO,FL,direct
2016,3,15,76.0,M,Hialeah PD,FL,
2016,3,16,83.0,M,Broward County SO,FL,
2016,5,1,79.0,F,Volusia County SO,FL,
2016,5,2,79.0,M,Miami-Dade PD,FL,
2016,5,3,88.0,M,Pasco County SO,FL,
2016,5,4,79.0,M,Lake County SO,FL,
2016,5,5,84.0,M,Marion County SO,SC,
2016,5,6,84.0,M,Boca Raton PD,FL,
2016,5,7,85.0,M,Collier County SO,FL,
2016,5,8,68.0,M,Interlachen PD,FL,
2016,5,9,82.0,M,Collier County SO,FL,
2016,5,10,83.0,M,Orange County SO,FL,
2016,5,11,73.0,M,Tallahassee PD,FL,
2016,5,12,82.0,M,Palm Beach County SO,FL,
2016,5,13,67.0,F,Cape Coral PD,FL,
2016,5,14,81.0,M,Brevard County SO,FL,
2016,5,15,79.0,M,Lake County SO,FL,
2016,5,16,80.0,M,Collier County SO,FL,
2016,5,17,88.0,M,Pembroke Pines PD,FL,
2016,5,18,78.0,M,Hollywood PD,FL,
2016,5,19,80.0,M,Broward County SO,GA,
2016,5,20,64.0,M,Putnam County SO,FL,
2016,5,21,81.0,M,Orlando Int’l. Airport PD,FL,
2016,11,1,82.0,M,Lake County SO,FL,
2016,11,2,76.0,M,Hialeah Gardens PD,FL,
2016,11,3,85.0,M,Panama City PD,FL,
2016,11,4,79.0,F,Jacksonville SO,VA,
2016,11,5,77.0,M,Miramar PD,FL,
2016,11,6,78.0,M,Sunrise PD,FL,
2016,11,7,86.0,M,Delray Beach PD,FL,direct
2016,11,8,83.0,M,Palm Beach County SO,FL,
2016,11,9,80.0,M,Coral Springs PD,FL,
2016,11,10,95.0,F,Broward County SO,FL,
2016,11,11,84.0,F,West Palm Beach PD,FL,
2016,11,12,79.0,M,Miami Shores PD,NC,direct
2016,11,13,76.0,M,Lee County SO,FL,
2016,11,14,77.0,M,Gulf Breeze PD,GA,
2016,11,15,76.0,M,Miami-Dade PD,FL,
2016,10,1,89.0,M,Collier County SO,FL,
2016,10,2,76.0,M,Collier County SO,FL,
2016,10,3,83.0,M,Leon County SO,FL,
2016,10,4,82.0,F,Indian River County SO,FL,
2016,10,5,79.0,M,Miami-Dade PD,FL,
2016,10,6,87.0,M,Port St. Lucie PD,FL,
2016,10,7,68.0,F,Daytona Beach PD,FL,direct
2016,10,8,81.0,M,Baker County SO,FL,
2016,10,9,86.0,M,Lee County SO,FL,
2016,10,10,77.0,M,Hollywood PD,FL,
2016,10,11,78.0,F,University of FL PD,TN,
2016,10,12,89.0,F,Martin County SO,FL,
2016,10,13,83.0,M,St. Johns County SO,FL,direct
2016,10,14,78.0,M,Indian River County SO,SC,
2016,10,15,78.0,M,West Melbourne PD,DE,
2016,10,16,89.0,F,Citrus County SO,FL,direct
2016,10,17,80.0,M,Lee County SO,FL,
2016,10,18,71.0,M,Lake County SO,FL,
2016,10,19,78.0,M,Miami-Dade PD,FL,
2016,10,20,87.0,F,Miami-Dade PD,FL,
2016,10,21,83.0,F,Taylor County SO,FL,
2016,10,22,83.0,F,Escambia County SO,,
2016,10,23,85.0,M,Winter Haven PD,FL,
2016,10,24,82.0,M,Davie PD,FL,
2016,10,25,74.0,F,Lake County SO,FL,
2016,10,26,84.0,M,Marion County SO,FL,
2016,10,27,77.0,F,Marion County SO,,
2016,10,28,73.0,M,Pinellas County SO,FL,
2016,9,1,69.0,M,Orange County SO,FL,
2016,9,2,84.0,M,Thomasville PD,FL,
2016,9,3,75.0,M,David PD,FL,
2016,9,4,87.0,F,Atlantis PD,FL,
2016,9,5,72.0,M,Gilchrist County SO,FL,
2016,9,6,74.0,M,Volusia County SO,FL,
2016,9,7,79.0,M,Jacksonville SO,SC,
2016,9,8,79.0,F,Jackson County SO,FL,
2016,9,9,79.0,M,Flagler County SO,FL,direct
2016,9,10,82.0,F,Clay County SO,FL,
2016,9,11,88.0,M,Boca Raton PD,FL,
2016,9,12,82.0,F,Largo PD,FL,direct
2016,9,13,84.0,F,Fort Lauderdale PD,FL,
2016,9,14,75.0,M,Port St. Lucie PD,FL,
2016,9,15,84.0,M,Hollywood PD,FL,
2016,9,16,85.0,F,St. Petersburg PD,FL,
2016,9,17,83.0,M,Hialeah PD,FL,
2017,4,1,81.0,M,Tampa PD,GA,
2017,4,2,79.0,M,Broward County SO,FL,
2017,4,3,72.0,F,Lee County SO,FL,
2017,4,4,78.0,M,Citrus County SO,FL,
2017,4,5,86.0,M,Neptune Beach PD,FL,direct
2017,4,6,71.0,M,Volusia County SO,FL,
2017,4,7,88.0,F,Port St. Lucie PD,FL,direct
2017,4,8,81.0,M,St. Petersburg PD,FL,direct
2017,4,9,80.0,F,Suwannee County SO,FL,
2017,4,10,79.0,F,Volusia County SO,FL,direct
2017,4,11,80.0,M,Marion County SO,FL,
2017,4,12,91.0,F,Boca Raton PD,FL,
2017,4,13,83.0,F,Polk County SO,FL,direct
2017,4,14,85.0,F,Broward County SO,FL,
2017,4,15,71.0,M,St. Johns County SO,FL,direct
2017,4,16,78.0,M,Sarasota County SO,FL,
2017,8,1,87.0,M,Walton County SO,AL,
2017,8,2,82.0,M,Marion County SO,FL,
2017,8,3,84.0,M,Miami-Dade PD,FL,
2017,8,4,69.0,M,Pinellas County SO,GA,
2017,8,5,80.0,M,Hillsborough County SO,FL,
2017,8,6,76.0,M,Hernando County SO,FL,
2017,8,7,80.0,F,Hillsborough County SO,FL,
2017,8,8,90.0,M,Citrus County SO,FL,direct
2017,8,9,80.0,M,Pasco County SO,FL,
2017,8,10,82.0,M,Volusia County SO,FL,
2017,8,11,69.0,F,Lee County SO,FL,
2017,8,12,77.0,M,Davie PD,FL,
2017,8,13,84.0,M,Hillsborough County SO,FL,direct
2017,8,14,85.0,M,Fort Lauderdale PD,FL,
2017,8,15,81.0,M,Miami-Dade PD,FL,
2017,8,16,80.0,M,Pasco County SO,FL,
2017,8,17,73.0,F,Ocala PD,FL,
2017,8,18,87.0,F,Pinellas County SO,FL,
2017,8,19,78.0,F,Boca Raton PD,FL,
2017,8,20,84.0,M,Lee County SO,FL,direct
2017,8,21,,,Clay County SO,FL,
2017,8,22,79.0,M,St. Petersburg PD,FL,
2017,12,1,76.0,M,Edgewater PD,FL,
2017,12,2,67.0,M,Eustis PD,NY,
2017,12,3,74.0,M,Marion County SO,FL,
2017,12,4,92.0,M,Pinellas Park PD,FL,
2017,12,5,76.0,M,Altamonte Springs PD,FL,direct
2017,12,6,81.0,M,Largo PD,FL,
2017,12,7,88.0,M,Palmetto PD,FL,
2017,12,8,70.0,M,Lee County SO,FL,
2017,12,9,85.0,M,Miami-Dade PD,FL,
2017,12,10,79.0,F,Davie PD,FL,
2017,12,11,86.0,M,Hillsborough County SO,FL,
2017,12,12,80.0,M,Port Orange PD,FL,direct
2017,12,13,60.0,M,Wilton Manors PD,FL,
2017,12,14,82.0,M,Sarasota County SO,FL,
2017,12,15,80.0,M,Marion County SO,FL,
2017,12,16,70.0,M,Miramar PD,FL,
2017,12,17,86.0,M,Hollywood PD,FL,
2017,12,18,89.0,M,Citrus County SO,FL,
2017,12,19,90.0,M,St. John’s County SO,FL,
2017,2,1,86.0,M,Marion County SO,FL,
2017,2,2,81.0,M,Palm Beach County SO,FL,
2017,2,3,82.0,F,Palm Beach County SO,FL,
2017,2,4,73.0,M,Mount Dora PD,FL,
2017,2,5,81.0,M,Pasco County SO,FL,
2017,2,6,78.0,M,Port St. Lucie PD,FL,
2017,2,7,76.0,M,Port Orange PD,FL,
2017,2,8,80.0,M,St. Petersburg PD,FL,
2017,2,9,90.0,F,Indian River County SO,FL,
2017,2,10,86.0,M,Hillsborough County SO,FL,
2017,2,11,97.0,M,Lake County SO,FL,
2017,2,12,80.0,M,Miami-Dade PD,FL,direct
2017,2,13,71.0,M,Miami-Dade PD,FL,direct
2017,2,14,78.0,M,Palm Beach County SO,FL,
2017,2,15,88.0,M,Collier County SO,FL,
2017,2,16,71.0,M,Charlotte County SO,FL,
2017,2,17,81.0,M,Flagler County SO,FL,
2017,2,18,85.0,M,Palm Beach Gardens PD,FL,
2017,2,19,75.0,M,Orange County SO,GA,direct
2017,2,20,76.0,M,Collier County SO,FL,
2017,2,21,61.0,M,Clearwater PD,FL,
2017,2,22,75.0,F,Lake Mary PD,FL,
2017,2,23,69.0,M,Clayton County PD (GA),FL,
2017,2,24,72.0,F,Deland PD,FL,direct
2017,2,25,83.0,F,Altamonte Springs PD,FL,
2017,2,26,74.0,M,Broward County SO,FL,
2017,2,27,82.0,M,Sarasota County SO,FL,
2017,1,1,64.0,M,Volusia County SO,FL,
2017,1,2,83.0,F,Sarasota County SO,FL,
2017,1,3,76.0,M,Lee County SO,FL,direct
2017,1,4,74.0,M,Broward County SO,FL,
2017,1,5,87.0,M,Tampa PD,FL,
2017,1,6,80.0,M,Polk County SO,FL,
2017,1,7,82.0,M,Lee County SO,FL,
2017,1,8,84.0,M,Santa Rose County SO,FL,
2017,1,9,70.0,M,Broward County SO,GA,
2017,1,10,78.0,F,Lafayette County SO,FL,
2017,1,11,89.0,M,Flagler County SO,FL,
2017,1,12,84.0,M,Miami-Dade PD,FL,
2017,1,13,78.0,M,Broward County SO,FL,
2017,1,14,79.0,M,Cape Coral PD,FL,
2017,1,15,79.0,M,Palm Beach County SO,FL,
2017,1,16,73.0,F,Port St. Lucie PD,FL,direct
2017,1,17,74.0,M,Lady Lake PD,FL,
2017,1,18,71.0,M,Santa Rosa SO,AL,
2017,1,19,78.0,M,St. Lucie SO,FL,
2017,1,20,93.0,M,Ormond Beach PD,FL,
2017,1,21,71.0,F,Manatee County SO,FL,
2017,1,22,76.0,M,Miami-Dade PD,FL,
2017,1,23,78.0,F,Polk County SO,FL,
2017,1,24,84.0,M,Broward County SO,FL,
2017,1,25,77.0,M,Palm Beach County SO,FL,
2017,1,26,82.0,F,Lynn Haven PD,FL,direct
2017,1,27,88.0,M,Sarasota PD,FL,
2017,3,1,82.0,F,Hallandale Beach PD,FL,direct
2017,3,2,87.0,M,Lee County SO,FL,direct
2017,3,3,69.0,F,Auburndale PD,FL,
2017,3,4,82.0,M,Lake County SO,FL,
2017,3,5,89.0,M,Ocala PD,GA,
2017,3,6,80.0,M,Cape Coral PD,FL,
2017,3,7,67.0,F,Miami-Dade PD,FL,
2017,3,8,82.0,M,Miami-Dade PD,FL,direct
2017,3,9,67.0,M,Cape Coral PD,FL,
2017,3,10,82.0,M,Hillsborough County SO,FL,
2017,3,11,70.0,M,Cape Coral PD,FL,
2017,3,12,69.0,M,Escambia County SO,LA,
2017,3,13,82.0,M,Hernando County SO,GA,
2017,3,14,75.0,M,Sarasota County SO,FL,direct
2017,3,15,87.0,M,Pinellas County SO,FL,
2017,3,16,95.0,F,DeSoto County SO,FL,
2017,3,17,90.0,M,Naples PD,FL,
2017,3,18,65.0,M,Marion County SO,FL,
2017,3,19,75.0,M,Lee County SO,FL,
2017,3,20,85.0,M,Citrus County SO,NJ,
2017,5,1,83.0,M,Hernando County SO,FL,
2017,5,2,75.0,M,Orange County SO,FL,
2017,5,3,84.0,M,Pensacola PD,FL,
2017,5,4,79.0,M,Indian River County SO,FL,direct
2017,5,5,73.0,M,Edgewater PD,FL,direct
2017,5,6,84.0,M,Bradenton PD,FL,
2017,5,7,73.0,F,North Port PD,FL,
2017,5,8,89.0,M,Lee County SO,FL,direct
2017,5,9,77.0,F,Tampa PD,FL,
2017,5,10,75.0,F,Manatee County SO,FL,
2017,5,11,78.0,M,Osceola County SO,FL,indirect
2017,5,12,88.0,F,Polk County SO,FL,
2017,5,13,81.0,M,Cape Coral PD,FL,
2017,5,14,80.0,F,St. Johns County SO,FL,
2017,5,15,73.0,M,Edgewater PD,SC,
2017,5,16,78.0,M,Polk County SO,FL,direct
2017,5,17,80.0,M,Miami-Dade PD,FL,
2017,5,18,83.0,M,Miami-Dade PD,FL,
2017,5,19,94.0,M,Sarasota County SO,FL,
2017,5,20,71.0,M,Hillsborough County SO,FL,
2017,5,21,85.0,M,Lakeland PD,FL,
2017,5,22,65.0,F,Citrus County SO,FL,
2017,5,23,76.0,M,Lakeland PD,FL,
2017,5,24,80.0,M,Valparaiso PD,IN,
2017,5,25,90.0,M,Lee County SO,FL,
2017,5,26,73.0,M,Lee County SO,FL,
2017,5,27,78.0,M,Lee County SO,FL,
2017,5,28,72.0,M,Margate PD,FL,
2017,11,1,90.0,M,Brevard County SO,GA,
2017,11,2,88.0,F,Hillsborough County SO,FL,
2017,11,3,85.0,M,Broward County SO,FL,
2017,11,4,73.0,F,New Port Richey PD,FL,
2017,11,5,74.0,M,Port St. Lucie PD,FL,
2017,11,6,86.0,M,Pinellas County SO,GA,
2017,11,7,79.0,F,Charlotte County SO,FL,
2017,11,8,79.0,F,Edgewater PD,FL,
2017,11,9,69.0,F,Broward County SO,FL,
2017,11,10,72.0,M,Orange County SO,FL,direct
2017,11,11,70.0,M,Michigan State Police,FL,direct
2017,11,12,81.0,M,Palm Beach County SO,FL,
2017,11,13,79.0,M,Volusia County SO,FL,
2017,11,14,84.0,M,Polk County SO,FL,
2017,10,1,92.0,M,Miramar PD,FL,
2017,10,2,78.0,F,Volusia County SO,FL,
2017,10,3,87.0,M,Marion County SO,FL,
2017,10,4,89.0,M,Martin County SO,FL,
2017,10,5,75.0,M,North Miami Beach PD,FL,
2017,10,6,81.0,M,Pasco County SO,GA,
2017,10,7,75.0,F,Brevard County SO,FL,direct
2017,10,8,82.0,F,Starke PD,FL,
2017,10,9,76.0,F,Hillsborough County SO,FL,
2017,10,10,71.0,F,Miramar PD,FL,
2017,10,11,84.0,F,Miami Gardens PD,FL,
2017,10,12,81.0,F,Gilchrist County SO,FL,
2017,10,13,82.0,M,Clearwater PD,FL,
2017,10,14,83.0,F,Lakeland PD,FL,direct
2017,10,15,76.0,M,Lee County SO,FL,
2017,10,16,93.0,F,Escambia County SO,FL,
2017,10,17,67.0,M,Eustis PD,FL,
2017,10,18,73.0,M,Marion County SO,FL,
2017,10,19,89.0,M,Sarasota County SO,FL,
2017,10,20,56.0,F,Largo PD,GA,
2017,10,21,78.0,M,DeSoto PD,FL,
2017,10,22,67.0,M,Broward County SO,FL,
2017,9,1,71.0,F,Winter Springs PD,GA,
2017,9,2,76.0,M,Sumter County SO,FL,
2017,9,3,71.0,M,Lee County SO,FL,direct
2017,9,4,81.0,F,Marion County SO,FL,
2017,9,5,68.0,F,Hillsborough County SO,FL,
2017,9,6,83.0,F,Sarasota County SO,FL,
2017,9,7,76.0,M,Palm Beach County SO,FL,
2017,9,8,70.0,M,Volusia County SO,PA,
2017,9,9,79.0,F,Lake County SO,OH,
2017,9,10,88.0,M,Columbia County SO,FL,
2017,9,11,80.0,M,Orlando PD,FL,
2017,9,12,89.0,M,Sarasota County SO,FL,
2017,9,13,89.0,M,Indian River County SO,FL,
2017,9,14,78.0,M,Port Orange PD,FL,
2017,9,15,71.0,M,Miami-Dade PD,FL,direct
2017,9,16,82.0,F,Brevard County SO,FL,
2017,9,17,80.0,M,Sumter County SO,FL,
2017,9,18,83.0,M,Aventura PD,FL,
2017,9,19,94.0,M,Orange County SO,FL,
2017,9,20,65.0,M,Lee County SO,not found,
2017,9,21,71.0,F,Collier County SO,FL,
2017,9,22,78.0,M,Miami-Dade PD,FL,
2017,9,23,81.0,M,Palm Beach County SO,FL,
2017,9,24,73.0,M,Fort Myers PD,FL,direct
2017,9,25,86.0,M,Indian River SO,NY,
2017,9,26,79.0,F,Boca Raton PD,FL,
2017,9,27,85.0,F,Winter Springs PD,FL,
2017,9,28,78.0,F,Baker County SO,FL,
2017,9,29,61.0,F,Volusia County SO,GA,
2017,9,30,70.0,F,Miami-Dade PD,FL,
2017,9,31,84.0,M,Clearwater PD,FL,
2017,7,1,83.0,M,Orange County SO,FL,
2017,7,2,79.0,F,Collier County SO,GA,
2017,7,3,85.0,M,Collier County SO,FL,
2017,7,4,73.0,M,Sumter County SO,FL,
2017,7,5,78.0,M,Palm Beach County SO,FL,
2017,7,6,71.0,M,Lake County SO,FL,
2017,7,7,84.0,M,Port St. Lucie PD,FL,
2017,7,8,79.0,M,Jackson County SO,FL,
2017,7,9,93.0,M,Marion County SO,FL,
2017,7,10,79.0,M,Jackson County SO,FL,
2017,7,11,83.0,M,Santa Rosa County SO,FL,
2017,7,12,73.0,M,Pinellas County SO,FL,
2017,7,13,75.0,M,Indian River County SO,FL,
2017,7,14,80.0,M,Tallahassee PD,FL,
2017,7,15,79.0,M,Hernando County SO,FL,
2017,7,16,73.0,F,Polk County SO,FL,
2017,7,17,71.0,M,Deland PD,FL,direct
2017,7,18,84.0,M,Volusia County SO,FL,
2017,7,19,83.0,M,Davie PD,FL,
2017,7,20,77.0,M,Boynton Beach PD,FL,
2017,7,21,75.0,F,Marion County SO,FL,direct
2017,7,22,88.0,F,Escambia County SO,FL,
2017,7,23,89.0,M,Coconut Creek PD,FL,direct
2017,7,24,86.0,F,Manatee County SO,FL,
2017,7,25,88.0,M,Palmetto PD,FL,
2017,6,1,73.0,M,Longwood PD,FL,
2017,6,2,88.0,M,Collier County SO,FL,
2017,6,3,82.0,M,Lake County SO,FL,
2017,6,4,80.0,M,Miami-Dade PD,FL,
2017,6,5,87.0,M,Volusia County SO,MD,
2017,6,6,80.0,M,Hillsborough County SO,FL,
2017,6,7,74.0,F,Mount Dora PD,GA,
2017,6,8,81.0,M,Hernando County PD,WA,direct
2017,6,9,73.0,M,Palm Bay PD,FL,
2017,6,10,81.0,F,Lake County SO,FL,
2017,6,11,77.0,F,Venice PD,FL,
2017,6,12,83.0,M,Pinellas County SO,FL,
2017,6,13,88.0,M,Suwannee County SO,FL,
2017,6,14,88.0,F,St. Johns County SO,FL,
2017,6,15,75.0,M,Auburndale PD,FL,
2017,6,16,73.0,F,Port Orange PD,FL,direct
2017,6,17,53.0,F,Martin County SO,FL,
2017,6,18,74.0,M,Daytona Beach PD,FL,
2017,6,19,74.0,M,Hernando County SO,FL,
2017,6,20,56.0,M,Osceola County SO,FL,
2017,6,21,95.0,M,Pinellas County SO,FL,direct
2017,6,22,77.0,M,Palm Beach County SO,FL,
2018,4,1,85.0,F,Eustis PD,FL,
2018,4,2,81.0,F,Martin County SO,FL,
2018,4,3,83.0,M,Charlotte County SO,FL,
2018,4,4,87.0,M,Winter Park PD,FL,
2018,4,5,72.0,M,Lake Alfred PD,FL,
2018,4,6,72.0,M,Citrus County SO,FL,
2018,4,7,73.0,M,Marion County SO,FL,
2018,4,8,78.0,M,Apopka PD,FL,
2018,4,9,85.0,F,Sumter County  SO,FL,
2018,4,10,72.0,M,Holly Hill PD,FL,
2018,4,11,82.0,M,Coconut Creek PD,FL,direct
2018,4,12,72.0,F,Clay County SO,FL,
2018,4,13,87.0,M,Fort Lauderdale PD,FL,
2018,4,14,70.0,F,Miramar PD,FL,
2018,4,15,83.0,F,Cocoa PD,FL,
2018,4,16,79.0,M,Auburndale PD,GA,
2018,4,17,68.0,M,Fort Myers PD,FL,
2018,4,18,54.0,M,West Palm Beach PD,FL,
2018,4,19,64.0,F,Levy County SO,FL,
2018,4,20,70.0,F,Fort Lauderdale PD,FL,
2018,4,21,82.0,M,Clearwater PD,FL,
2018,4,22,84.0,M,Pinellas County SO,FL,direct
2018,4,23,75.0,F,Pasco County SO,FL,
2018,4,24,72.0,M,Orange County SO,FL,
2018,8,1,70.0,M,Marion County SO,FL,
2018,8,2,82.0,M,Polk County SO,FL,
2018,8,3,74.0,M,Miami Police Department,FL,
2018,8,4,75.0,M,Kissimmee Police Department,FL,
2018,8,5,89.0,M,Sarasota County SO,FL,
2018,8,6,74.0,M,Hillsborough County SO,FL,
2018,8,7,87.0,M,Citrus County SO,FL,
2018,8,8,71.0,M,Broward County SO,FL,
2018,8,9,84.0,M,Volusia County SO,GA,
2018,8,10,62.0,M,Orange County SO,FL,
2018,8,11,86.0,M,Lake County SO,FL,
2018,8,12,86.0,M,Orange County SO,FL,
2018,8,13,82.0,M,Okeechobee County SO,FL,direct
2018,8,14,69.0,F,Palm Beach County SO,FL,
2018,8,15,78.0,M,Hillsborough County SO,FL,
2018,8,16,71.0,M,Hialeah PD,FL,
2018,8,17,76.0,F,Fort Lauderdale PD,FL,
2018,8,18,93.0,M,Pembroke Pines PD,FL,
2018,8,19,85.0,M,Fort Lauderdale  PD,FL,
2018,12,1,79.0,M,Miami Dade PD,FL,
2018,12,2,74.0,M,Washington County SO,FL,
2018,12,3,69.0,M,Putnam County SO,FL,
2018,12,4,65.0,F,Brevard  County SO,FL,
2018,12,5,82.0,M,Seminole County SO,FL,direct
2018,12,6,75.0,M,Orlando PD,FL,
2018,12,7,76.0,M,Tampa PD,FL,direct
2018,12,8,89.0,M,Hernando County SO,FL,
2018,12,9,79.0,M,Sarasota County SO,FL,
2018,12,10,81.0,M,Palm Bay PD,FL,
2018,12,11,89.0,F,Palm Beach County SO,FL,
2018,12,12,84.0,M,Marion County SO,GA,direct
2018,12,13,76.0,F,Pinellas County SO,FL,
2018,12,14,92.0,M,Sarasota County SO,FL,
2018,12,15,84.0,M,Highlands County SO,FL,
2018,12,16,80.0,M,Lee County SO,FL,
2018,12,17,83.0,F,Broward County SO,FL,
2018,12,18,78.0,F,Putnam County SO,FL,
2018,12,19,91.0,M,Palm Beach County SO,FL,
2018,12,20,74.0,M,Kissimmee PD,FL,
2018,12,21,86.0,M,Polk County SO,FL,
2018,12,22,81.0,M,Orange County SO,FL,
2018,12,23,78.0,M,Pasco County SO,FL,
2018,12,24,83.0,M,Martin County SO,FL,
2018,12,25,74.0,M,Sumter County SO,FL,direct
2018,7,1,82.0,F,Tampa International Airport PD,FL,
2018,7,2,77.0,M,Lee County SO,FL,
2018,7,3,77.0,M,Sunrise PD,FL,
2018,7,4,84.0,M,Saint Johns County SO,FL,
2018,7,5,84.0,M,Polk County SO,FL,direct
2018,7,6,79.0,M,Lake County SO,FL,
2018,7,7,64.0,F,Lake County SO,FL,direct
2018,7,8,64.0,M,Seminole County SO,FL,direct
2018,7,9,82.0,F,Sumter County SO,FL,
2018,7,10,70.0,M,Lake County SO,FL,
2018,7,11,72.0,F,Nassau County SO,GA,
2018,7,12,88.0,M,Ormond Beach PD,FL,
2018,7,13,79.0,M,Clay County SO,FL,
2018,7,14,80.0,M,Flagler County SO,FL,
2018,7,15,68.0,M,Orange County SO,FL,
2018,7,16,88.0,M,Pasco County SO,FL,
2018,7,17,78.0,M,Pembroke Pines PD,FL,
2018,7,18,57.0,F,Hernando County SO,FL,
2018,7,19,91.0,M,Palm Beach County SO,FL,
2018,7,20,84.0,M,West Melbourne PD,FL,
2018,6,1,78.0,M,Marion  County SO,FL,
2018,6,2,96.0,M,Volusia County SO,FL,
2018,6,3,66.0,M,Volusia County SO,SC,
2018,6,4,85.0,M,Fort Lauderdale PD,FL,
2018,6,5,80.0,M,Marion County SO,FL,
2018,6,6,70.0,M,Elbert County SO,AL,
2018,6,7,87.0,M,Sarasota County SO,FL,direct
2018,6,8,84.0,M,Miami- Dade PD,FL,
2018,6,9,82.0,M,Punta Gorda PD,FL,
2018,6,10,85.0,M,Plantation PD,FL,
2018,6,11,78.0,M,Indian River County SO,FL,
2018,6,12,69.0,M,St. Petersburg PD,FL,
2018,6,13,84.0,M,Collier County SO,FL,
2018,6,14,84.0,F,Citrus County SO,FL,
2018,6,15,77.0,M,Collier County SO,FL,
2018,6,16,85.0,M,Highlands County SO,FL,
2018,6,17,73.0,F,Pinellas County SO,FL,
2018,6,18,72.0,M,North Bay Village PD,FL,
2018,6,19,87.0,F,Brevard County SO,NY,
2018,6,20,82.0,M,Miami Dade PD,FL,
2018,6,21,82.0,M,Charlotte County SO,FL,
2018,6,22,68.0,F,Miami Dade PD,FL,
2018,6,23,76.0,M,Miami Dade PD,FL,
2018,6,24,69.0,M,Fort Myers PD,FL,direct
2018,6,25,67.0,M,Hillsborough County SO,FL,
2018,6,26,78.0,F,Volusia County SO,FL,
2018,6,27,74.0,M,Clearwater PD,FL,
2018,3,1,75.0,M,Rockledge PD,FL,
2018,3,2,66.0,F,Collier County SO,FL,
2018,3,3,82.0,M,Jacksonville County SO,FL,
2018,3,4,86.0,M,Fort Walton Beach PD,FL,
2018,3,5,83.0,M,Miami-Dade PD,FL,
2018,3,6,76.0,M,Miami Gardens PD,FL,
2018,3,7,83.0,M,"St. Charles County SO, MO",FL,direct
2018,3,8,87.0,M,Hillsborough County SO,FL,
2018,3,9,77.0,M,Hallandale Beach PD,FL,
2018,3,10,87.0,F,Apopka PD,FL,
2018,3,11,85.0,M,Hollywood PD,FL,direct
2018,3,12,85.0,M,Citrus County SO,FL,
2018,3,13,67.0,F,Clearwater PD,FL,direct
2018,3,14,83.0,M,Pasco County SO,FL,direct
2018,3,15,85.0,M,Pasco County SO,FL,
2018,3,16,69.0,M,Boca Raton PD,FL,
2018,3,17,73.0,F,Charlotte County SO,FL,
2018,3,18,77.0,F,Pasco County SO,FL,
2018,3,19,72.0,M,Boca Raton PD,FL,
2018,3,20,61.0,M,Palm Beach County SO,FL,
2018,3,21,87.0,M,Village of  Palm Spring PD,FL,
2018,3,22,72.0,F,Rockledge PD,FL,
2018,3,23,87.0,M,Tarpon Springs PD,FL,
2018,3,24,66.0,M,Collier County SO,FL,
2018,3,25,82.0,M,Lake County SO,FL,
2018,3,26,87.0,F,Hillsborough County SO,FL,
2018,3,27,85.0,F,Hillsborough County SO,FL,
2018,5,1,76.0,F,Broward County SO,FL,
2018,5,2,70.0,M,Miami-Dade PD,FL,
2018,5,3,75.0,M,Clay County SO,VA,
2018,5,4,76.0,M,Jacksonville County SO,FL,
2018,5,5,93.0,M,Orlando PD,FL,
2018,5,6,73.0,M,Marion County SO,FL,
2018,5,7,83.0,M,Orange County SO,FL,
2018,5,8,82.0,M,Escambia County SO,AL,
2018,5,9,76.0,M,Broward County SO,FL,
2018,5,10,80.0,M,Palm Beach County SO,FL,
2018,5,11,88.0,M,Kissimmee PD,FL,
2018,5,12,77.0,F,St. Johns County SO,FL,
2018,5,13,95.0,M,Leesburg PD,GA,
2018,5,14,82.0,M,Jacksonville County SO,FL,
2018,5,15,88.0,F,Delray Beach PD,FL,
2018,5,16,88.0,M,Tallahassee PD,FL,
2018,5,17,89.0,M,Pinellas Park PD,FL,
2018,5,18,74.0,M,Palm Bay PD,FL,
2018,5,19,74.0,M,Lee County SO,FL,
2018,5,20,81.0,M,Hernando  County SO,FL,
2018,5,21,96.0,M,Citrus County SO,FL,
2018,11,1,87.0,M,Clearwater PD,FL,
2018,11,2,93.0,M,Davie PD,FL,
2018,11,3,83.0,M,Highlands County SO,FL,
2018,11,4,75.0,M,Rockledge PD,FL,
2018,11,5,80.0,M,Broward County SO,FL,
2018,11,6,56.0,F,Marion County SO,FL,
2018,11,7,86.0,M,Melbourne PD,TN,
2018,11,8,88.0,M,Palm Beach County SO,FL,
2018,11,9,87.0,M,Hillsborough County SO,FL,
2018,11,10,80.0,M,Lee County SO,FL,
2018,11,11,77.0,M,Miami Gardens PD,FL,
2018,11,12,68.0,M,Volusia County SO,FL,
2018,11,13,85.0,M,Palm Beach County SO,FL,
2018,11,14,82.0,M,Marion County SO,FL,
2018,11,15,76.0,M,Miami-Dade PD,FL,
2018,11,16,98.0,M,Clearwater PD,FL,
2018,11,17,70.0,M,Clearwater PD,FL,
2018,11,18,69.0,F,Jacksonville County SO,FL,direct
2018,11,19,81.0,M,Sarasota County SO,FL,
2018,11,20,80.0,M,Miami- Dade PD,FL,
2018,11,21,74.0,M,Marco Island PD,FL,
2018,10,1,82.0,M,Pasco CO SO,FL,direct
2018,10,2,73.0,M,Miramar PD,FL,
2018,10,3,81.0,M,St. Lucie CO SO,FL,
2018,10,4,91.0,M,Miami Dade PD,FL,
2018,10,5,87.0,M,Hillsborough CO SO,FL,
2018,10,6,86.0,M,Port Orange PD,FL,
2018,10,7,85.0,M,Brevard CO SO,FL,
2018,10,8,81.0,M,Flagler CO SO,FL,
2018,10,9,87.0,F,Miami Dade PD,FL,
2018,10,10,86.0,M,Sarasota CO SO,FL,direct
2018,10,12,88.0,M,Sarasota CO SO,FL,
2018,10,13,90.0,M,St. Petersburg PD,FL,
2018,10,14,87.0,M,Martin CO SO,FL,
2018,10,15,80.0,M,Palm Beach CO SO,FL,
2018,10,16,90.0,M,Collier CO SO,FL,
2018,10,17,72.0,M,Winter Haven PD,FL,
2018,10,18,64.0,M,Palm Beach CO SO,FL,
2018,10,19,83.0,M,Volusia CO SO,FL,direct
2018,10,20,86.0,F,Hernando CO SO,FL,
2018,10,21,84.0,M,Brevard CO SO,FL,direct
2018,10,22,75.0,F,Sarasota CO SO,FL,
2018,9,1,83.0,M,Bay County SO,TN,
2018,9,2,83.0,M,Pasco County SO,FL,
2018,9,3,79.0,M,Sarasota County SO,FL,
2018,9,4,86.0,M,Martin County SO,FL,
2018,9,5,86.0,M,Palm Beach County SO,FL,
2018,9,6,89.0,M,Citrus County SO,FL,
2018,9,7,69.0,M,Camden County SO,FL,direct
2018,9,8,67.0,M,Davie PD,FL,
2018,9,9,86.0,M,Fort. Lauderdale PD,FL,
2018,9,10,83.0,M,Saint. Lucie County Public Safety,FL,
2018,9,11,85.0,M,Hernando County SO,FL,direct
2018,9,12,86.0,M,Saint. Petersburg PD,FL,
2018,9,13,73.0,M,Fort. Pierce PD,FL,
2018,9,14,79.0,M,Okeechobee County SO,FL,
2018,9,15,75.0,M,Lake County SO,FL,direct
2018,2,1,73.0,M,Charlotte County SO,FL,
2018,2,2,80.0,M,Zephyrhills PD,FL,
2018,2,3,90.0,M,Hialeah Gardens PD,FL,
2018,2,4,78.0,M,Marion County SO,FL,
2018,2,5,92.0,M,Coconut Creek PD,FL,
2018,2,6,73.0,M,Lake Wales PD,GA,
2018,2,7,87.0,M,Lake County SO,FL,
2018,2,8,72.0,F,Hillsborough County SO,FL,
2018,2,9,78.0,M,Polk County SO,FL,
2018,2,10,77.0,M,Indian River County SO,FL,
2018,2,11,84.0,F,Marion County SO,FL,
2018,2,12,75.0,M,Lafayette County SO,GA,
2018,2,13,82.0,M,Bradenton PD,FL,
2018,2,14,85.0,M,Citrus County SO,FL,
2018,1,1,73.0,F,Lake City PD,GA,
2018,1,2,67.0,F,Kissimmee PD,FL,
2018,1,3,65.0,F,Citrus CO SO,FL,
2018,1,4,65.0,M,Plantation PD,FL,
2018,1,5,91.0,M,Neptune Beach Public Safety Department,FL,
2018,1,6,84.0,M,Highlands CO SO,FL,
2018,1,7,70.0,M,Lake CO SO,FL,
2018,1,8,80.0,M,Lee CO SO,FL,
2018,1,9,81.0,M,Polk CO SO,FL,
2018,1,10,85.0,M,Doral PD,FL,direct
2018,1,11,84.0,M,Martin CO SO,FL,
2018,1,12,74.0,M,Taylor CO SO,FL,
2018,1,13,88.0,M,Palm Bay CO SO,PA,
2018,1,14,84.0,M,Clay CO SO,FL,
2018,1,15,74.0,F,Putnam CO SO,FL,
2018,1,16,81.0,M,Volusia CO SO,FL,
2018,1,17,84.0,F,Ocala PD,FL,
2018,1,18,85.0,M,Coconut Creek PD,FL,
2018,1,19,78.0,M,Polk CO SO,FL,direct
2018,1,20,72.0,F,Santa Rosa CO SO,FL,
2018,1,21,80.0,M,Lake CO SO,FL,
2018,1,22,82.0,M,St. Petersburg PD,FL,
2019,4,1,86.0,M,Altamonte Springs PD,FL,
2019,4,2,84.0,M,Hollywood PD,FL,
2019,4,3,84.0,M,Broward County SO,FL,
2019,4,4,87.0,M,Margate PD,FL,
2019,4,5,78.0,M,Orange County SO,FL,
2019,4,6,71.0,M,Polk County SO,GA,
2019,4,7,65.0,F,Citrus County SO,FL,
2019,4,8,85.0,M,Sarasota County SO,AL,
2019,4,9,85.0,M,Collier County SO,FL,
2019,4,10,68.0,F,Dorchester County SO,SC,
2019,4,11,83.0,M,Okeechobee County SO,FL,
2019,4,12,74.0,F,Okeechobee County SO,FL,
2019,4,13,93.0,M,Cape Coral PD,FL,
2019,4,14,93.0,M,Escambia County SO,FL,
2019,4,15,85.0,M,Coral Springs PD,FL,
2019,4,16,75.0,F,Hillsborough County SO,FL,
2019,4,17,83.0,M,Flagler County SO,FL,
2019,4,18,88.0,M,Highlands County SO,FL,
2019,4,19,71.0,M,Kissimmee PD,FL,
2019,4,20,62.0,M,Coconut Creek PD,FL,
2019,2,1,57.0,M,St. Petersburg PD,FL,
2019,2,2,77.0,F,Tarpon Springs PD,FL,
2019,2,3,73.0,F,Brevard County SO,GA,
2019,2,4,77.0,F,Punta Gorda PD,FL,
2019,2,5,81.0,M,Clay County SO,FL,
2019,2,6,82.0,M,Lee County SO,FL,
2019,2,7,86.0,M,Flagler County SO,FL,
2019,2,8,69.0,M,Venice PD,FL,
2019,2,9,82.0,F,Port St. Lucie PD,FL,
2019,2,10,72.0,M,Broward  County SO,FL,
2019,2,11,75.0,F,Citrus County SO,GA,
2019,2,12,71.0,F,St. Petersburg PD,FL,
2019,2,13,89.0,M,Kissimmee PD,FL,
2019,2,14,74.0,M,Tampa International Airport PD,FL,
2019,2,15,73.0,F,Largo PD,FL,
2019,2,16,80.0,M,Brevard County SO,FL,
2019,2,17,98.0,M,Longboat Key PD,FL,
2019,2,18,73.0,M,Lee County SO,FL,
2019,2,19,63.0,M,Hillsborough County SO,FL,direct
2019,2,20,84.0,M,Lake County SO,FL,
2019,2,21,82.0,F,Pasco County SO,FL,
2019,2,22,85.0,M,Hillsborough County SO,FL,
2019,2,23,74.0,M,Levy County SO,FL,
2019,2,24,74.0,M,Glades County SO,FL,
2019,1,1,78.0,M,Palm Beach County SO,FL,
2019,1,2,64.0,M,St. Lucie County SO,FL,
2019,1,3,86.0,F,Miami Springs PD,FL,
2019,1,4,57.0,F,Hernando County SO,FL,
2019,1,5,79.0,M,Orange Park PD,GA,
2019,1,6,79.0,M,Fort Lauderdale PD,FL,
2019,1,7,80.0,M,Bradenton PD,FL,
2019,1,8,91.0,F,Brevard  County SO,FL,direct
2019,1,9,86.0,F,Marion County SO,GA,
2019,1,10,95.0,M,Wakulla County SO,FL,
2019,1,11,82.0,M,Clay County SO,FL,
2019,1,12,81.0,F,Tallahassee PD,FL,direct
2019,1,13,75.0,M,Clearwater PD,FL,
2019,1,14,87.0,M,Indian River County SO,FL,direct
2019,1,15,67.0,M,Lake County SO,FL,
2019,1,16,84.0,M,Hillsboro Beach PD,FL,
2019,1,17,80.0,M,Cape Coral PD,FL,
2019,1,18,62.0,F,Tampa PD,not found,
2019,1,19,81.0,F,Escambia County SO,FL,
2019,1,20,82.0,F,Lee County SO,FL,
2019,1,21,82.0,M,Edgewater PD,FL,direct
2019,1,22,83.0,M,Sarasota County SO,FL,
2019,1,23,73.0,F,Pasco County SO,FL,
2019,1,24,73.0,M,Pinellas County SO,FL,
2019,1,25,88.0,M,Jackson County SO,not found,
2019,1,26,73.0,F,Palm Beach County SO,FL,
2019,1,27,84.0,M,Temple Terrace PD,FL,
2019,1,28,72.0,M,Miami-Dade PD,FL,direct
2019,1,29,84.0,M,Hollywood PD,FL,
2019,1,30,82.0,F,Oviedo PD,FL,
2019,1,31,77.0,M,Wakulla County SO,FL,
2019,1,32,90.0,M,Hernando County SO,FL,
2019,7,1,76.0,M,Sumter County SO,FL,
2019,7,2,83.0,M,Pasco County SO,FL,
2019,7,3,78.0,M,Lake Mary PD,FL,
2019,7,4,70.0,M,Hillsborough County SO,FL,
2019,7,5,68.0,M,Lake County SO,FL,
2019,7,6,79.0,M,Palm Beach County SO,FL,
2019,7,7,75.0,M,Hillsborough County SO,FL,
2019,7,8,95.0,F,Broward County SO,FL,
2019,7,9,76.0,M,Port Saint Lucie PD,FL,
2019,7,10,90.0,M,Pinellas County SO,FL,
2019,7,11,78.0,M,Casselberry PD,FL,
2019,7,12,86.0,F,Orlando PD,FL,
2019,7,13,71.0,M,Citrus County SO,FL,
2019,7,14,64.0,F,Temple Terrace PD,FL,
2019,7,15,73.0,F,Edgewater PD,FL,
2019,7,16,74.0,M,Lee County SO,FL,
2019,6,1,93.0,M,Cocoa Beach PD,FL,
2019,6,2,68.0,M,Okeechobee County SO,FL,
2019,6,3,83.0,M,Clay County SO,FL,
2019,6,4,91.0,M,Lee County SO,FL,
2019,6,5,86.0,M,Pinellas County SO,FL,
2019,6,6,82.0,M,Miami- Dade PD,FL,
2019,6,7,84.0,M,Hillsborough County SO,PA,
2019,6,8,90.0,F,Clearwater PD,FL,
2019,6,9,82.0,M,Miami- Dade PD,FL,
2019,6,10,82.0,M,Cape Coral PD,FL,
2019,6,11,72.0,M,Brevard County SO,FL,
2019,6,12,79.0,F,Highlands County SO,NY,
2019,6,13,77.0,F,Largo County SO,FL,
2019,6,14,88.0,M,Pinellas County SO,FL,
2019,6,15,80.0,M,Fort Myers PD,FL,
2019,6,16,87.0,F,Citrus County SO,FL,
2019,6,17,82.0,M,Pasco County SO,FL,
2019,6,18,92.0,M,Collier County SO,FL,
2019,6,19,62.0,F,Jacksonville County SO,FL,
2019,6,20,60.0,F,Homestead PD,FL,
2019,6,21,78.0,F,Orange County SO,FL,
2019,6,22,86.0,M,North Port PD,TN,
2019,6,23,61.0,M,Palm Beach County SO,FL,
2019,3,1,68.0,M,Volusia County SO,FL,
2019,3,2,86.0,F,Jacksonville County SO,FL,
2019,3,3,85.0,M,Pasco County SO,FL,
2019,3,4,86.0,F,Palm Beach County SO,FL,
2019,3,5,47.0,M,Palm Beach County SO,FL,
2019,3,6,99.0,M,Port St. Lucie PD,FL,direct
2019,3,7,77.0,M,Fort Lauderdale PD,FL,
2019,3,8,71.0,M,Indian River County SO,FL,
2019,3,9,66.0,F,Seminole County SO,FL,
2019,3,10,78.0,M,Jacksonville County SO,FL,
2019,3,11,89.0,M,Sarasota County SO,FL,direct
2019,3,12,82.0,M,Palm Beach County SO,FL,
2019,3,13,78.0,M,Hollywood PD,FL,
2019,3,14,85.0,M,Lighthouse Point PD,FL,direct
2019,3,15,84.0,M,Zephyrhills PD,FL,
2019,3,16,57.0,F,Miami-Dade PD,FL,
2019,3,17,68.0,F,Jacksonville County SO,FL,
2019,3,18,86.0,M,Lee County SO,FL,
2019,3,19,75.0,M,Sarasota County SO,FL,
2019,3,20,79.0,F,Flagler County SO,FL,
2019,3,21,88.0,M,Hollywood PD,FL,
2019,3,22,83.0,M,Clay County SO,FL,
2019,5,1,80.0,F,Lakeland PD,OH,
2019,5,2,79.0,F,Martin County SO,FL,
2019,5,3,78.0,F,Brevard County SO,FL,
2019,5,4,87.0,M,Charlotte County SO,FL,direct
2019,5,5,91.0,M,Orange County SO,FL,
2019,5,6,85.0,M,Lake County SO,GA,
2019,5,7,85.0,F,Lake County SO,FL,
2019,5,8,69.0,M,Highlands County SO,FL,
2019,5,9,79.0,M,Lakeland PD,FL,
2019,5,10,69.0,M,Escambia County SO,FL,
2019,5,11,84.0,M,Brevard County SO,FL,
2019,5,12,94.0,M,Palm Beach County SO,FL,
2019,5,13,82.0,M,Gulf County SO,FL,
2019,5,14,72.0,M,Fort Lauderdale PD,FL,
2019,5,15,71.0,M,Jacksonville County SO,FL,
2019,5,16,62.0,F,Kissimmee PD,FL,
2019,5,17,75.0,M,Miami-Dade PD,FL,
2019,5,18,79.0,M,Miramar PD,FL,direct
2019,5,19,69.0,M,Plantation PD,GA,
2019,5,20,85.0,F,Citrus County SO,FL,
2019,5,21,85.0,F,Marion County SO,FL,
2019,5,22,80.0,M,St. John’s County SO,SC,
2019,10,1,74.0,M,Palm Beach County SO,FL,
2019,10,2,81.0,M,Charlotte County SO,FL,
2019,10,3,80.0,M,Lee County SO,FL,
2019,10,4,88.0,M,Seminole County SO,FL,
2019,10,5,77.0,M,Alachua County SO,FL,
2019,10,6,72.0,M,Kissimmee PD,FL,
2019,10,7,75.0,M,Lake County SO,FL,
2019,10,8,72.0,F,Palm Bay PD,FL,
2019,10,9,85.0,F,Walton County SO,FL,
2019,10,10,99.0,M,Palm Beach County SO,FL,
2019,10,11,76.0,M,Collier County SO,TN,
2019,10,12,76.0,F,Delray Beach PD,FL,
2019,10,13,86.0,F,Port St. Lucie PD,FL,
2019,10,14,87.0,M,Hernando County SO,FL,
2019,10,15,70.0,F,Fort Myers PD,FL,
2019,10,16,84.0,M,Pensacola PD,AL,
2019,10,17,84.0,M,Panama City Beach PD,FL,
2019,10,18,65.0,F,Miami-Dade PD,FL,
2019,10,19,68.0,M,Miami- Dade PD,FL,
2019,10,20,,,North Port PD,FL,
2019,10,21,88.0,M,Palm Beach County SO,FL,
2019,10,22,83.0,M,Hillsborough County SO,FL,
2019,9,1,71.0,M,Longwood PD,FL,
2019,9,2,87.0,F,New Smyrna Beach PD,FL,
2019,9,3,80.0,M,Broward County SO,FL,
2019,9,4,79.0,M,Altamonte Springs PD,FL,
2019,9,5,80.0,F,Marion County SO,GA,
2019,9,6,94.0,F,Citrus County SO,FL,
2019,9,7,70.0,F,Hillsborough County SO,FL,
2019,9,8,85.0,M,Indian River County SO,FL,
2019,9,9,70.0,F,Orlando PD,FL,
2019,9,10,78.0,F,Riviera Beach PD,FL,
2019,9,11,80.0,M,Volusia County SO,FL,
2019,9,12,83.0,M,Lee County SO,FL,
2019,9,13,82.0,M,Seminole County SO,FL,direct
2019,9,14,84.0,M,Palm Beach County SO,FL,
2019,9,15,88.0,M,Pinellas County SO,FL,
2019,9,16,84.0,M,Orange City PD,FL,
2019,9,17,67.0,M,Deland PD,FL,
2019,9,18,81.0,F,Hernando County SO,FL,
2019,9,19,93.0,M,Walton County SO,FL,
2019,9,20,95.0,M,Pinellas County SO,FL,
2019,9,21,85.0,F,Hillsborough County SO,FL,
2019,9,22,84.0,F,Sarasota County SO,FL,
2019,9,23,66.0,M,Crestview PD,FL,
2019,8,1,84.0,M,Miami Gardens PD,FL,
2019,8,2,84.0,M,Port St. Lucie PD,FL,direct
2019,8,3,62.0,F,Miami PD,FL,
2019,8,4,76.0,M,Flagler County SO,FL,
2019,8,5,83.0,M,Orange Park PD,FL,
2019,8,6,89.0,F,Casselberry PD,FL,
2019,8,7,75.0,M,Miami Dade PD,FL,
2019,8,8,76.0,F,West Palm Beach PD,FL,
2019,8,9,65.0,F,Citrus County SO,FL,
2019,8,10,83.0,F,Tarpon Springs PD,FL,
2019,8,11,71.0,M,Pasco County SO,FL,
2019,8,12,75.0,F,Miami Dade PD,FL,
2019,8,13,72.0,M,Clay County SO,FL,
2019,8,14,87.0,M,Sumter County SO,FL,
2019,8,15,72.0,F,Jackson County SO,GA,
2019,8,16,88.0,M,Titusville PD,FL,
2019,8,17,81.0,M,Cape Coral PD,FL,
2019,8,18,79.0,M,Indian River County SO,FL,
2019,8,19,79.0,M,Riviera Beach PD,FL,direct
2019,12,1,62.0,F,Port St. Lucie PD,FL,
2019,12,2,82.0,M,Brevard County SO,FL,
2019,12,3,70.0,M,Apopka PD,FL,
2019,12,4,66.0,F,Sumter County SO,FL,
2019,12,5,65.0,F,Polk County SO,FL,
2019,12,6,66.0,M,Davie PD,FL,
2019,12,7,70.0,M,Jacksonville County SO,FL,direct
2019,12,8,76.0,F,Palm Bay PD,FL,
2019,12,9,71.0,F,Suwanee County SO,FL,
2019,12,10,88.0,M,Atlantis PD,FL,
2019,12,11,79.0,F,Palm Beach County SO,FL,
2019,12,12,75.0,M,Miami PD,FL,
2019,12,13,82.0,M,Lakeland PD,FL,
2019,12,14,71.0,M,Pasco County SO,FL,
2019,12,15,74.0,F,Clay County SO,FL,
2019,12,16,78.0,M,Fort Myers PD,FL,
2019,12,17,73.0,M,Marco Island PD,FL,
2019,12,18,83.0,M,Pinellas County SO,FL,
2019,12,19,84.0,F,Escambia County SO,FL,direct
2019,12,20,89.0,M,Palm Beach County SO,FL,
2019,12,21,84.0,F,Lee County SO,FL,direct
2019,12,22,84.0,F,Sarasota County SO,FL,
2019,12,23,65.0,M,Miami- Dade PD,FL,
2019,12,24,88.0,M,Collier County SO,FL,
2019,12,25,64.0,M,Pembroke Pines PD,FL,
2019,12,26,91.0,M,Venice PD,FL,
2019,12,27,71.0,F,Miami-Dade PD,FL,
2019,11,1,85.0,M,Citrus County SO,FL,
2019,11,2,86.0,M,Winter Springs PD,FL,
2019,11,3,81.0,M,Jacksonville SO,FL,
2019,11,4,80.0,M,Miami- Dade PD,FL,direct
2019,11,5,96.0,M,Pinellas County SO,FL,direct
2019,11,6,82.0,M,Miami Dade PD,FL,
2019,11,7,83.0,M,Hillsborough County SO,FL,
2019,11,8,74.0,M,Lake County SO,FL,
2019,11,9,82.0,M,Sarasota County SO,FL,
2019,11,10,87.0,M,Sarasota PD,FL,
2019,11,11,69.0,F,Edgewater PD,FL,
2019,11,12,80.0,M,Miami- Dade PD,FL,
2019,11,13,90.0,M,Citrus County SO,FL,
2019,11,14,81.0,F,Hernando County SO,FL,
2019,11,15,73.0,M,Naples Police and Emergency Services Department,FL,
2019,11,16,78.0,F,Indian River County SO,FL,
2019,11,17,74.0,M,Broward County SO,FL,
2019,11,18,75.0,F,Fort Lauderdale PD,FL,direct
2019,11,19,71.0,M,Hillsborough County SO,FL,
2019,11,20,84.0,M,Marion County SO,FL,
2019,11,21,75.0,F,Escambia County SO,AL,
2019,11,22,75.0,M,Seminole County SO,FL,
2019,11,23,92.0,M,Jacksonville SO,GA,
2019,11,24,73.0,M,Naples Police and Emergency Services Department,FL,
2020,8,1,62.0,M,Jacksonville SO,FL,
2020,8,2,73.0,F,Pensacola PD,FL,
2020,8,3,94.0,M,Walton County SO,AL,
2020,8,4,76.0,M,Charlotte County SO,FL,
2020,8,5,66.0,M,St. Petersburg PD,FL,
2020,8,6,78.0,M,Sarasota County SO,FL,
2020,8,7,78.0,M,Manatee County SO,FL,
2020,8,8,93.0,M,Palm Bay PD,FL,
2020,8,9,78.0,M,Jacksonville SO,FL,
2020,8,10,75.0,F,Sarasota County SO,FL,
2020,8,11,73.0,M,Miami-Dade PD,FL,direct
2020,8,12,81.0,M,Boca Raton PD,FL,
2020,8,13,82.0,M,Orlando PD,FL,
2020,8,14,77.0,M,Marion County SO,FL,
2020,8,15,83.0,M,Miami PD,FL,
2020,8,16,79.0,M,Pinellas County SO,FL,
2020,8,17,78.0,M,Gadsden County SO,GA,
2020,8,18,75.0,M,Bradenton PD,FL,
2020,8,19,72.0,M,Bay County SO,FL,direct
2020,8,20,83.0,M,Brevard County SO,FL,direct
2020,8,21,80.0,M,Hialeah PD,not found,
2020,12,1,79.0,M,Charlotte County SO,FL,
2020,12,2,80.0,M,Indian River County SO,FL,
2020,12,3,87.0,M,North Palm Beach PD,FL,direct
2020,12,4,81.0,M,Lake County SO,FL,
2020,12,5,80.0,M,Hernando County SO,FL,
2020,12,6,78.0,M,Putnam County SO,FL,
2020,12,7,88.0,M,Nassau County SO,FL,
2020,12,8,70.0,F,Charlotte County SO,FL,
2020,12,9,80.0,F,Pembroke Pines PD,FL,
2020,12,10,78.0,M,Hernando County SO,FL,
2020,12,11,64.0,M,Hillsborough County SO,FL,
2020,12,12,65.0,M,Osceola County SO,FL,direct
2020,12,13,89.0,M,Winter Haven PD,FL,direct
2020,12,14,78.0,F,Sarasota PD,FL,
2020,12,15,88.0,M,Sarasota PD,FL,
2020,12,16,83.0,M,Pasco County SO,FL,
2020,12,17,66.0,M,Orange County SO,FL,
2020,12,18,84.0,M,Pinellas County SO,FL,
2020,12,19,71.0,M,Lake County SO,FL,
2020,12,20,77.0,F,Lake County SO,FL,
2020,12,21,74.0,F,Sebring PD,FL,
2020,12,22,70.0,M,Palm Bay PD,FL,direct
2020,1,1,65.0,F,Tampa PD,FL,
2020,1,2,70.0,M,Lee County SO,FL,
2020,1,3,76.0,M,Orange County SO,FL,
2020,1,4,80.0,F,Lake County SO,FL,
2020,1,5,79.0,M,Clay County SO,FL,direct
2020,1,6,63.0,F,Highlands County SO,FL,
2020,1,7,73.0,M,Hillsborough County SO,FL,
2020,1,8,63.0,M,Hialeah PD,FL,
2020,1,9,65.0,M,Hillsborough County SO,FL,
2020,1,10,72.0,F,New Port Richey PD,FL,
2020,1,11,82.0,F,Dixie County SO,FL,
2020,1,12,75.0,F,Hernando County SO,MI,
2020,1,13,85.0,M,Santa Rosa County SO,FL,
2020,1,14,80.0,M,Orange County SO,FL,
2020,1,15,79.0,M,Collier County SO,FL,
2020,1,16,71.0,M,Collier County SO,FL,
2020,1,17,75.0,M,Sebring PD,AL,
2020,1,18,81.0,F,Highlands County SO,not found,
2020,1,19,86.0,M,Palm Bay PD,FL,
2020,1,20,64.0,M,Miami Gardens PD,FL,
2020,1,21,80.0,M,Hillsborough County SO,FL,
2020,1,22,87.0,F,Ocala PD,FL,
2020,1,23,73.0,M,Escambia County SO,AL,
2020,1,24,84.0,M,Coral Springs PD,FL,
2020,1,25,87.0,F,Ocala PD,FL,
2020,7,1,84.0,F,Palm Beach County SO,FL,
2020,7,2,88.0,M,Tampa PD,FL,
2020,7,3,88.0,M,Marion County SO,FL,
2020,7,4,86.0,M,Marion County SO,FL,
2020,7,5,92.0,M,Orlando PD,FL,
2020,7,6,84.0,M,Sarasota County SO,GA,
2020,7,7,77.0,F,Ocoee PD,FL,
2020,7,8,72.0,M,Port Orange PD,FL,
2020,7,9,75.0,M,Jacksonville Beach PD,FL,
2020,7,10,83.0,M,Charlotte County SO,FL,direct
2020,7,11,80.0,F,Palm Beach County SO,GA,
2020,7,12,61.0,M,Marion County SO,FL,
2020,7,13,82.0,M,Orange County SO,FL,
2020,7,14,80.0,M,Broward County SO,FL,
2020,7,15,75.0,M,Seminole County SO,FL,
2020,7,16,92.0,M,Winter Springs PD,FL,
2020,7,17,78.0,M,Interlachen PD,GA,
2020,7,18,84.0,M,Lake County SO,FL,
2020,7,19,82.0,M,Sarasota County SO,FL,
2020,7,20,90.0,M,Hardee County SO,FL,
2020,7,21,68.0,M,Arcadia PD,FL,
2020,7,22,86.0,M,Highlands County SO,FL,
2020,7,23,72.0,F,Collier County SO,FL,
2020,7,24,74.0,M,Tampa Intl. Airport PD,FL,
2020,7,25,87.0,M,Pinellas County SO,FL,
2020,7,26,86.0,M,Okeechobee County SO,FL,
2020,6,1,82.0,M,Marion County SO,FL,
2020,6,2,85.0,M,South Daytona PD,SC,
2020,6,3,90.0,M,Jacksonville SO,FL,direct
2020,6,4,68.0,F,Okaloosa County SO,FL,direct
2020,6,5,92.0,M,Sarasota County SO,FL,
2020,6,6,83.0,M,Marion County SO,FL,
2020,6,7,73.0,F,Hillsborough County SO,FL,direct
2020,6,8,88.0,F,Palm Beach County SO,FL,
2020,6,9,92.0,M,Hernando County SO,FL,
2020,6,10,77.0,F,Walton County SO,AL,
2020,6,11,79.0,F,Manatee County SO,FL,
2020,6,12,70.0,M,Sarasota County SO,FL,
2020,6,13,68.0,F,St. Johns County SO,FL,
2020,6,14,76.0,M,Pinellas County SO,FL,
2020,6,15,83.0,M,Pinellas County SO,FL,
2020,6,16,83.0,M,Charlotte County SO,FL,
2020,6,17,76.0,F,Manatee County SO,FL,
2020,6,18,79.0,M,Manatee County SO,FL,
2020,6,19,73.0,M,Lee County SO,FL,
2020,6,20,72.0,F,Polk County SO,FL,direct
2020,6,21,77.0,F,Putnam County SO,FL,
2020,5,1,57.0,M,Tampa PD,FL,
2020,5,2,73.0,M,Lee County SO,FL,
2020,5,3,83.0,F,Seminole County SO,FL,
2020,5,4,80.0,M,Broward County SO,SC,
2020,5,5,87.0,M,Collier County SO,FL,
2020,5,6,81.0,F,Broward County SO,FL,
2020,5,7,77.0,M,Volusia County SO,GA,
2020,5,8,81.0,F,Marion County SO,FL,
2020,5,9,76.0,F,Palm Beach County SO,FL,
2020,5,10,84.0,M,Coconut Creek PD,FL,
2020,5,11,65.0,F,Key West PD,FL,
2020,5,12,74.0,F,Palatka PD,FL,
2020,5,13,79.0,M,Fort Lauderdale PD,FL,
2020,5,14,83.0,M,Miami Gardens PD,FL,
2020,5,15,80.0,M,Plantation PD,FL,
2020,5,16,94.0,M,Lake County SO,FL,
2020,11,1,72.0,M,Polk County SO,FL,
2020,11,2,89.0,F,Lake Clarke Shores PD,FL,
2020,11,3,69.0,F,Fort Lauderdale PD,FL,
2020,11,4,75.0,M,St. Petersburg PD,FL,
2020,11,5,77.0,M,Hillsborough County SO,FL,
2020,11,6,77.0,M,Biscayne Park PD,FL,
2020,11,7,72.0,M,Houston County SO,AL,
2020,11,8,79.0,M,St. Petersburg PD,FL,
2020,11,9,77.0,M,Collier County SO,FL,
2020,11,10,89.0,M,Boynton Beach PD,FL,
2020,11,11,78.0,M,Largo PD,FL,
2020,11,12,65.0,F,Coral Springs PD,FL,
2020,11,13,71.0,F,Broward County SO,FL,
2020,11,14,95.0,M,Pinellas County SO,FL,
2020,11,15,79.0,M,Collier County SO,FL,
2020,11,16,77.0,F,Highlands County SO,FL,
2020,11,17,84.0,M,Titusville PD,FL,
2020,11,18,80.0,M,Lake County SO,FL,
2020,11,19,73.0,M,Highlands County SO,FL,direct
2020,11,20,72.0,F,Lee County SO,FL,
2020,11,21,78.0,M,Hillsborough County SO,FL,
2020,11,22,78.0,M,Miami-Dade PD,FL,
2020,10,1,78.0,M,Hernando County SO,FL,
2020,10,2,73.0,M,Nassau County SO,FL,
2020,10,3,84.0,F,Martin County SO,FL,
2020,10,4,79.0,M,Lakeland PD,FL,
2020,10,5,70.0,M,Charlotte County SO,FL,
2020,10,6,78.0,M,Polk County SO,FL,
2020,10,7,81.0,M,Largo PD,FL,
2020,10,8,73.0,F,High Springs PD,FL,
2020,10,9,74.0,M,Pinellas County SO,FL,
2020,10,10,84.0,M,Alachua County SO,FL,
2020,10,11,88.0,M,Fort Lauderdale PD,FL,
2020,10,12,68.0,F,Marion County SO,FL,
2020,10,13,82.0,M,Leesburg PD,FL,direct
2020,10,14,72.0,F,Putnam County SO,FL,
2020,10,15,86.0,M,Okaloosa County SO,FL,
2020,10,16,89.0,M,Largo PD,FL,
2020,10,17,77.0,M,Largo PD,FL,
2020,10,18,78.0,M,Palm Beach County SO,FL,
2020,10,19,63.0,F,Lee County SO,FL,
2020,10,20,75.0,M,Hollywood PD,FL,
2020,10,21,63.0,M,Pinellas County SO,FL,
2020,10,22,79.0,M,Palm Beach County SO,FL,
2020,10,23,72.0,M,Pinellas Park PD,GA,
2020,10,24,82.0,F,Palm Beach County SO,FL,
2020,10,25,84.0,M,Tampa PD,FL,direct
2020,10,26,81.0,M,Marion County SO,FL,
2020,10,27,72.0,F,Winter Springs PD,FL,
2020,10,28,76.0,F,Osceola County SO,FL,
2020,9,1,62.0,M,Hernando County SO,FL,direct
2020,9,2,73.0,F,Leesburg PD,FL,
2020,9,3,96.0,M,Palm Beach County SO,FL,
2020,9,4,78.0,F,Martin County SO,FL,
2020,9,5,86.0,F,Palm Beach County SO,FL,
2020,9,6,88.0,M,Polk County SO,FL,
2020,9,7,78.0,M,Palm Beach County SO,FL,
2020,9,8,75.0,M,Hillsborough County SO,FL,
2020,9,9,88.0,F,Hardee County SO,FL,
2020,9,10,77.0,M,Broward County SO,not found,
2020,9,11,79.0,F,Manatee County SO,FL,
2020,9,12,80.0,M,Sumter County SO,FL,
2020,9,13,74.0,F,Pinellas County SO,FL,
2020,9,14,83.0,F,Levy County SO,FL,
2020,9,15,91.0,M,Miami-Dade PD,FL,direct
2020,9,16,85.0,M,Hallandale Beach PD,FL,
2020,9,17,80.0,F,Delray Beach PD,FL,
2020,9,18,87.0,M,Collier County SO,FL,direct
2020,9,19,74.0,M,New Smyrna Beach PD,FL,
2020,9,20,77.0,M,Pinellas County SO,FL,
2020,4,1,75.0,F,Manatee County SO,FL,direct
2020,4,2,86.0,M,Stuart PD,FL,
2020,4,3,82.0,M,Marion County SO,FL,
2020,4,4,78.0,M,Palm Beach County SO,FL,
2020,4,5,79.0,M,Pinellas County SO,FL,direct
2020,4,6,83.0,F,Sanford PD,FL,
2020,4,7,88.0,F,Martin County SO,FL,
2020,4,8,80.0,F,Polk County SO,FL,
2020,4,9,77.0,M,Leon County SO,FL,
2020,4,10,72.0,M,Lake County SO,FL,
2020,4,11,79.0,F,Daytona Beach Shores PD,FL,
2020,4,12,80.0,M,Lee County SO,FL,
2020,4,13,81.0,F,Marion County SO,FL,
2020,4,14,80.0,M,Jupiter PD,FL,
2020,4,15,87.0,F,Largo PD,FL,
2020,2,1,82.0,M,Walton County SO,FL,direct
2020,2,2,77.0,M,Charlotte County SO,FL,direct
2020,2,3,78.0,M,Palm Beach County SO,FL,
2020,2,4,71.0,F,Brevard County SO,FL,
2020,2,5,79.0,F,Bay County SO,FL,
2020,2,6,79.0,F,Indian River County SO,AL,
2020,2,7,72.0,M,Gainesville PD,GA,
2020,2,8,85.0,M,Escambia County SO,AL,
2020,2,9,77.0,M,Broward County SO,FL,
2020,2,10,79.0,M,Kissimmee PD,FL,
2020,2,11,86.0,M,Volusia County SO,FL,direct
2020,2,12,83.0,F,Miami-Dade PD,FL,direct
2020,2,13,72.0,F,Collier County SO,FL,
2020,2,14,76.0,M,Daytona Beach PD,GA,
2020,2,15,72.0,M,Jacksonville SO,FL,
2020,2,16,87.0,M,Jacksonville SO,FL,direct
2020,2,17,84.0,M,Pinellas County SO,FL,
2020,3,1,84.0,M,Palm Beach County SO,FL,
2020,3,2,85.0,M,Palm Beach County SO,FL,direct
2020,3,3,67.0,M,St. Cloud PD,FL,direct
2020,3,4,94.0,M,Sebring PD,FL,
2020,3,5,79.0,M,Flagler County SO,FL,
2020,3,6,86.0,M,Walton County SO,FL,
2020,3,7,62.0,F,Springfield PD,FL,
2020,3,8,84.0,M,Cape Coral PD,FL,
2020,3,9,73.0,F,Palm Beach County SO,FL,
2020,3,10,73.0,F,Lee County SO,FL,
2020,3,11,83.0,F,Boynton Beach PD,FL,
2020,3,12,94.0,M,Tampa PD,FL,
2020,3,13,73.0,M,Washington County SO,FL,
2020,3,14,63.0,F,Broward County SO,FL,
2020,3,15,80.0,M,Miami-Dade PD,FL,
2020,3,16,78.0,M,Lake Hamilton PD,FL,
2020,3,17,79.0,F,Palm Beach County SO,FL,
