year,month,county,age,sex,found_by,channel,text
2014,January,Duval,,,law_enforcement,unspecified,"A Florida Silver Alert was issued for a missing 67 year-old elderly man. The 67 year-old was located after entering a gas station asking for directions. At that very time, law enforcement was present and recognized the vehicle and photo from the Silver Alert which resulted in the safe return of the elderly individual."
2014,February,Polk,89.0,male,citizen,unspecified,A Florida Silver Alert was issued for an 89 year-old man. He was recognized by a convenient store clerk. The clerk then notified the sheriff's office with information on his whereabouts. The 89 year-old was recovered and brought home safely.
2014,February,Palm Beach,73.0,female,citizen,unspecified,"Upon entering the Spanish Market, a clerk recognized a 73 year-old woman as the subject of a Silver Alert. The clerk called law enforcement with information about the 73 year-old woman. The 73 year-old was located by law enforcement authorities and returned home safely."
2014,March,St. Lucie,82.0,male,citizen,unspecified,"A Florida Silver Alert was issued for a missing 82-year-old man. A gas station clerk recognized the 82 year-old man and called law enforcement. Law enforcement notified the 82 year-old man's family, and the elderly man was taken home safely."
2014,March,Putnam,69.0,female,citizen,unspecified,"A Florida Silver Alert was issued for a 69 year-old woman, who had been to several convenient stores. A clerk at one of the stores recognized the 69 year-old woman as the subject of the Silver Alert and notified law enforcement. She was located and was recovered safely."
2014,March,Charlotte,83.0,male,law_enforcement,highway_sign,A Florida Silver Alert was issued for an 83 year-old man. A dedicated off-duty sheriff deputy saw the Department of Transportation road signs and was able to identify the vehicle. The sheriff deputy called it in and stayed with the vehicle and the 83 year-old man until the arrival of the appropriate personnel. The 83 year-old man was returned safely.
2014,April,Brevard,82.0,male,citizen,lottery,"After a Silver Alert was issued for an 82 year-old man, a gas station clerk recognized the missing person displayed on the Lottery Terminal. The clerk notified law enforcement and law enforcement was able to take the appropriate measures to assure 82-year-old man's safety."
2014,April,Broward,78.0,female,law_enforcement,unspecified,"A Florida Silver Alert was issued for a missing 78-year-old woman. The 78-year-old woman entered a convenient store and asked for directions. The manager of the store recognized her from the Silver Alert and was able to confirm the Silver Alert on her computer. The manager called law enforcement authorities, and the 78-year-old woman was returned home unharmed."
2014,April,Lee,79.0,female,citizen,highway_sign,"A Silver Alert was issued for a 79-year-old woman. After seeing a road sign projected with the Silver Alert information, a citizen spotted her vehicle and called law enforcement authorities. The citizen stayed with the 79-year-old woman until law enforcement authorities arrived and recovered her safely."
2015,January,Lake,73.0,male,citizen,unspecified,A Florida Silver Alert was issued for a 73-year-old male. A citizen at a Shell gas station recognized the 73-year-old from the Silver Alert and contacted Dixie County Sheriff’s Office. The 73-year-old was recovered in good condition.
2015,February,Pinellas,79.0,male,citizen,highway_sign,"A Florida Silver Alert was issued for a 79-year-old male. A citizen saw the vehicle listed on the Silver Alert on the Department of Transportation dynamic message sign, followed the vehicle, and called *FHP. FHP stated that the 79-year-old male was in good condition."
2015,February,Hillsborough,80.0,male,citizen,unspecified,A Florida Silver Alert was issued for an 80-year-old male. A citizen called law enforcement after recognizing the 80-year-old man from the alert. A deputy recovered the 80-year-old man from Kmart and his son took him home.
2015,March,Volusia,84.0,male,law_enforcement,bolo_teletype,A Florida Silver Alert was issued for an 84-year-old male. A Road Ranger received the BOLO and spotted the vehicle at a service station in Pompano Beach where the 84-year-old was pumping gas. The Road Ranger notified FHP.
2015,March,Marion,79.0,male,law_enforcement,bolo_teletype,A Florida Silver Alert was issued for a 79-year-old male. The 79-year-old was recognized due to the alert BOLO and was recovered by Turner County Sheriff’s Office in Georgia walking on I-75. The 79-year-old male was transported to the hospital after he suffered from a head injury.
2015,March,Manatee,78.0,male,citizen,unspecified,A Florida Silver Alert was issued for a 78-year-old male. A citizen recognized the vehicle from the Silver Alert and notified Bradenton Police Department.
2015,April,Duval,77.0,female,law_enforcement,highway_sign,"A Florida Silver Alert was issued for a 77-year-old female. An off-duty police officer saw the Department of Transportation dynamic message sign, recognized the vehicle, and followed it until local law enforcement stopped the vehicle. Gadsden County Sheriff’s Office recovered the 77-year-old female."
2015,April,Sarasota,65.0,female,citizen,unspecified,A Florida Silver Alert was issued for a 65-year-old female. FHP received two calls from citizens that recognized the vehicle from the alert. FHP located the 65-year-old female due to the citizen calls.
2015,April,Charlotte,82.0,male,citizen,highway_sign,A Florida Silver Alert was issued for an 82-year-old male. A citizen saw the Department of Transportation dynamic message signs and saw the vehicle on the side of the road on I-75. The 82-year-old male was recovered in good condition.
2015,May,Dade,79.0,male,citizen,unspecified,A Florida Silver Alert was issued for a 79-year-old male. The 79-year-old male stopped at a 7-11 convenience store and asked for help. The attendant called police.
2015,May,Pasco,83.0,male,law_enforcement,unspecified,A Florida Silver Alert was issued for an 83-year-old male. A Citrus County Sheriff’s Office deputy recognized the vehicle from the Silver Alert and pulled the 83-year-old male over.
2015,May,Hillsborough,85.0,male,citizen,unspecified,A Florida Silver Alert was issued for an 85-year-old male. The 85-year-old male stopped at a 7-11 to ask for directions. The clerk recognized the 85-year-old from the Silver Alert and alerted Hernando County Sheriff’s Office. A Hernando County Sheriff’s Office deputy located the 85-year-old male shortly after.
2015,May,Sarasota,79.0,female,law_enforcement,unspecified,A Florida Silver Alert was issued for a 79-year-old female. An FHP trooper received a call regarding the Silver Alert. The 79-year-old female was transported to an FHP station and was picked up by family members.
2015,May,Wake,54.0,female,citizen,unspecified,A Florida Silver Alert was issued for a 54-year-old female. The 54-year-old female was staying at a hotel when a hotel worker recognized her from the alert. The hotel worker contacted Jacksonville County Sheriff’s Office. The 54-year-old female was picked up by her sister.
2015,July,Sarasota,68.0,female,citizen,highway_sign,A Florida Silver Alert was issued for a 68-year-old female. A citizen recognized the vehicle from the Department of Transportation dynamic message signs. The citizen called FHP and the 68-year-old was recovered safely.
2015,August,Lee,87.0,male,citizen,highway_sign,A Florida Silver Alert was issued for an 87-year old male. A citizen saw the Department of Transportation dynamic message signs and called law enforcement.
2015,August,Hillsborough,91.0,male,citizen,lottery,A Florida Silver Alert was issued for a 91-year-old male. A Circle K store clerk recognized the 91-year-old from the Lottery System’s Silver Alert notification.
2015,September,Charlotte,78.0,male,citizen,unspecified,A Florida Silver Alert was issued for a 78-year-old male. Citizens called to report a disabled vehicle that blocked traffic and matched the Silver Alert.
2015,September,Lee,90.0,male,citizen,highway_sign,"A Florida Silver Alert was issued for a 90-year-old male. A citizen saw the Department of Transportation dynamic message signs, saw the vehicle driving erratically, and called Lee County Sheriff’s Office. FHP responded."
2015,October,Citrus,84.0,male,citizen,unspecified,A Florida Silver Alert was issued for an 84-year-old male. A citizen recognized the vehicle from the Silver Alert and called North Port Police Department. North Port Police Department recovered the 84-year-old male in good condition and his family picked him up.
2015,November,Orange,85.0,male,citizen,lottery,A Florida Silver Alert was issued for an 85-year-old male. A citizen at a Marathon gas station in Davenport recognized the 85-year-old male from the Lottery System Silver Alert notification.
2015,November,Dade,76.0,female,citizen,highway_sign,A Florida Silver Alert was issued for a 76-year-old female. A citizen saw the Department of Transportation dynamic message signs and called FHP. The 76-year-old female was recovered and escorted home by her neighbors.
2015,November,Orange,89.0,male,citizen,lottery,"A Florida Silver Alert was issued for an 89-year-old male. The 89-year-old stopped for directions. A store clerk saw the 89-year-old go in the wrong direction, noticed the Lottery System Silver Alert notification, and called law enforcement. A detective located the 89-year-old male in good condition."
2015,November,Collier,87.0,male,citizen,unspecified,"A Florida Silver Alert was issued for an 87-year old male. A citizen recognized the vehicle from the Silver Alert and contacted FHP. Approximately 20 minutes later, an FHP trooper spotted a vehicle speeding and driving erratically. The FHP trooper pulled over the 87-year-old male and called EMS."
2016,January,Broward,83.0,male,citizen,unspecified,A Florida Silver Alert was issued for an 83-year-old male. An employee at a Marriott Hotel recognized the 83-year-old from the Silver Alert and called law enforcement.
2016,January,Indian River,76.0,male,citizen,highway_sign,A Florida Silver Alert was issued for a 76-year-old male. A citizen recognized the 76-year-old from the Department of Transportation dynamic message sign and called FHP.
2016,January,Marion,86.0,male,citizen,unspecified,A Florida Silver Alert was issued for an 86-year-old male. A citizen recognized the vehicle from the Silver Alert and called FHP.
2016,January,Hernando,83.0,male,law_enforcement,unspecified,A Florida Silver Alert was issued for an 83-year-old male. An FHP Trooper recognized the vehicle from the Silver Alert and pulled the 83-year-old over.
2016,January,Highlands,80.0,male,citizen,lottery,A Florida Silver Alert was issued for an 80-year-old male. The store clerk at a Shell gas station recognized the 80-year-old from the Lottery System Silver Alert notification and called law enforcement.
2016,February,Collier,81.0,male,citizen,unspecified,A Florida Silver Alert was issued for an 81-year-old male. A citizen saw a vehicle similar to the one listed in the Silver Alert and called FHP. FHP ran the vehicle’s tag and confirmed it was the 81-year-old.
2016,February,Sarasota,73.0,male,citizen,unspecified,A Florida Silver Alert was issued for a 73-year-old male. A citizen called FHP about a reckless driver which appeared to be the vehicle from the Silver Alert. The citizen stayed with the vehicle until an FHP trooper arrived.
2016,February,Palm Beach,86.0,male,citizen,highway_sign,A Florida Silver Alert was issued for an 86-year-old male. A citizen recognized the vehicle from the Department of Transportation dynamic road sign and called law enforcement.
2016,March,Manatee,87.0,male,citizen,unspecified,A Florida Silver Alert was issued for an 87-year old male. A citizen saw a vehicle on the side of the road and recognized it from the Silver Alert.
2016,April,Sarasota,87.0,male,citizen,highway_sign,A Florida Silver Alert was issued for an 87-year-old male. A citizen saw the Department of Transportation dynamic message sign and realized the vehicle listed in the Silver Alert was in front of him. The citizen called FHP.
2016,April,Volusia,80.0,female,citizen,unspecified,A Florida Silver Alert was issued for an 80-year-old female. A citizen saw a vehicle driving slowly on the interstate and recognized it from the Silver Alert.
2016,June,Polk,84.0,male,citizen,highway_sign,A Florida Silver Alert was issued for an 84-year-old male. A citizen recognized the vehicle from the Department of Transportation dynamic message sign and called law enforcement.
2016,July,Palm Beach,76.0,male,citizen,lottery,A Florida Silver Alert was issued for a 76-year-old male. A convenience store clerk recognized the 76-year-old from the Lottery System Silver Alert notification and called law enforcement.
2016,July,Manatee,72.0,male,citizen,highway_sign,A Florida Silver Alert was issued for a 72-year-old male. Two citizens recognized the 72-year-old from the Silver Alert. The first citizen saw the Department of Transportation dynamic message sign and saw the vehicle on the freeway. The second citizen was a clerk at a Circle K that recognized the 72-year-old from the Lottery System Silver Alert notification.
2016,August,Polk,66.0,female,law_enforcement,unspecified,A Florida Silver Alert was issued for a 66-year-old female. A Flagler County Deputy recognized the 66-year-old from the Silver Alert and pulled her over.
2016,September,Flagler,79.0,male,citizen,unspecified,A Florida Silver Alert was issued for a 79-year-old male. A Sam’s Club employee recognized the 79-year-old from the Silver Alert and called law enforcement.
2016,October,Pinellas,82.0,female,citizen,unspecified,A Florida Silver Alert was issued for an 82-year-old female. The 82-year-old was in the hospital where workers recognized her from the Silver Alert and called law enforcement.
2016,October,Volusia,68.0,female,unclear,highway_sign,A Florida Silver Alert was issued for a 68-year-old female. The 68-year-old was recognized from the Department of Transportation dynamic message sign and pulled over.
2016,October,Saint Johns,83.0,male,law_enforcement,bolo_teletype,A Florida Silver Alert was issued for an 83-year-old male. A deputy recognized the 83-year-old from the Silver Alert BOLO.
2016,October,Citrus,88.0,female,law_enforcement,bolo_teletype,A Florida Silver Alert was issued for an 88-year-old female. A Glades County Deputy recognized the 88-year-old from the Silver Alert BOLO and pulled her over.
2016,November,Palm Beach,86.0,male,citizen,unspecified,A Florida Silver Alert was issued for an 86-year-old male. A citizen at Target recognized the 86-year-old from the Silver Alert and called law enforcement.
2016,November,Dade,79.0,male,citizen,unspecified,A Florida Silver Alert was issued for a 79-year-old male. A citizen recognized the vehicle from the Silver Alert after it was extended to the southeastern states and called Apex Police Department.
2016,December,Sarasota,70.0,female,citizen,highway_sign,A Florida Silver Alert was issued for a 70-year-old female. A citizen recognized the vehicle from the Department of Transportation dynamic message sign and called law enforcement.
2016,December,Palm Beach,88.0,male,citizen,highway_sign,A Florida Silver Alert was issued for an 88-year-old male. A citizen recognized the vehicle from the Department of Transportation dynamic message sign and called FHP.
2016,December,Marion,73.0,male,law_enforcement,bolo_teletype,A Florida Silver Alert was issued for a 73-year-old male. FHP located the 73-year-old due to the Silver Alert issued BOLO.
2017,January,Lee,77.0,male,citizen,highway_sign,A Florida Silver Alert was issued for a 77-year-old male. A citizen recognized the vehicle from a Department of Transportation Dynamic Message Sign and called the Florida Highway Patrol (FHP).
2017,January,Saint Lucie,74.0,female,citizen,bolo_teletype,A Florida Silver Alert was issued for a 74-year-old female. A Fish and Wildlife Conservation employee recognized the 74-year-old due to the Silver Alert issued “Be on the Lookout (BOLO).”
2017,January,Bay,83.0,female,law_enforcement,bolo_teletype,A Florida Silver Alert was issued for a 83-year-old female. A Washington County Sheriff’s Office Deputy recognized the 83-year-old due to the Silver Alert issued BOLO.
2017,February,Dade,81.0,male,law_enforcement,bolo_teletype,A Florida Silver Alert was issued for an 81-year-old male. A Doral Police Department Officer recognized the 81-year-old due to the Silver Alert issued BOLO.
2017,February,Dade,72.0,male,law_enforcement,bolo_teletype,A Florida Silver Alert was issued for a 72-year-old male. A Coral Gables Police Department Officer recognized the 72-year-old due to the Silver Alert issued BOLO.
2017,February,Orange,76.0,male,law_enforcement,unspecified,A Florida Silver Alert was issued for a 76-year-old male. The 76-year-old was located by Georgia State Patrol after investigative leads provided his location.
2017,February,Volusia,73.0,female,law_enforcement,bolo_teletype,A Florida Silver Alert was issued for a 73-year-old female. A Detective recognized the 73-year-old from the Silver Alert issued BOLO.
2017,March,Broward,83.0,female,citizen,unspecified,A Florida Silver Alert was issued for an 83-year-old female. A citizen recognized the vehicle from the Silver Alert and called law enforcement.
2017,March,Lee,88.0,male,citizen,lottery,A Florida Silver Alert was issued for an 88-year-old male. The store clerk at a 7-11 gas station recognized the 83-year-old from the Lottery System Silver Alert notification and called law enforcement.
2017,March,Dade,83.0,male,law_enforcement,bolo_teletype,A Florida Silver Alert was issued for an 83-year-old male. An officer recognized the 83-year-old due to the Silver Alert issued BOLO.
2017,March,Sarasota,76.0,male,citizen,lottery,A Florida Silver Alert was issued for a 76-year-old male. A citizen recognized the 76-year-old from the lottery terminal message and called law enforcement.
2017,April,Duval,87.0,male,citizen,unspecified,A Florida Silver Alert was issued for an 87-year-old male. The 87-year-old was in the hospital where workers recognized him from the Silver Alert and called law enforcement.
2017,April,Saint Lucie,89.0,female,citizen,unspecified,A Florida Silver Alert was issued for an 89-year-old female. A citizen recognized the vehicle from the Silver Alert and called Florida Highway Patrol (FHP).
2017,April,Pinellas,81.0,male,citizen,lottery,A Florida Silver Alert was issued for an 81-year-old male. The store clerk at a gas station recognized the 81-year-old from the Lottery System Silver Alert notification.
2017,April,Volusia,80.0,female,self,highway_sign,A Florida Silver Alert was issued for an 80-year-old female. The 80-year-old recognized herself from a Department of Transportation Dynamic Message Sign and called law enforcement.
2017,April,Polk,84.0,female,law_enforcement,bolo_teletype,A Florida Silver Alert was issued for an 84-year-old female. The 84-year-old was recognized due to the Silver Alert issued BOLO April 2017- Saint John’s County A Florida Silver Alert was issued for a 72-year-old male. A FHP trooper recognized the vehicle due to the Silver Alert issued BOLO.
2017,May,Indian River,80.0,male,law_enforcement,unspecified,A Florida Silver Alert was issued for an 80-year-old male. A police officer recognized the vehicle from the Silver Alert and pulled the 80-year-old over.
2017,May,Volusia,74.0,male,citizen,lottery,A Florida Silver Alert was issued for a 74-year-old male. The store clerk at Circle K convenience store recognized the 74-year-old from the Lottery System Silver Alert notification.
2017,May,Lee,90.0,male,citizen,highway_sign,A Florida Silver Alert was issued for a 90-year-old male. A citizen recognized the vehicle from a Department of Transportation Dynamic Message Signs and called law enforcement.
2017,May,Polk,79.0,male,citizen,highway_sign,A Florida Silver Alert was issued for a 79-year-old male. A citizen recognized the vehicle from a Department of Transportation Dynamic Message Sign and called law enforcement.
2017,June,Hernando,82.0,male,law_enforcement,unspecified,A Florida Silver Alert was issued for an 82 year old male. The 82-year-old was located in a different state by law enforcement.
2017,June,Volusia,74.0,female,unclear,highway_sign,A Florida Silver Alert was issued for a 74-year-old female. The 74-year-old was recognized due to the Department of Transportation Dynamic Message Sign.
2017,June,Pinellas,96.0,male,citizen,highway_sign,A Florida Silver Alert was issued for a 96-year-old male. A citizen recognized the vehicle from the Department of Transportation Dynamic Message Sign and then called law enforcement.
2017,July,Volusia,72.0,male,citizen,unspecified,A Florida Silver Alert was issued for a 72-year-old male. A citizen recognized the 72-year-old from the Silver Alert and called law enforcement.
2017,July,Marion,76.0,female,law_enforcement,bolo_teletype,A Florida Silver Alert was issued for a 76-year-old female. A Marion County Sheriff’s Office Sergeant recognized the 76-year-old from the Silver Alert BOLO and pulled her over.
2017,July,Broward,90.0,male,law_enforcement,bolo_teletype,A Florida Silver Alert was issued for a 90-year-old male. A FHP trooper recognized the 90-year-old due to the Silver Alert issued BOLO.
2017,August,Citrus,91.0,male,family,unspecified,"A Florida Silver Alert was issued for a 91-year-old male. A citizen (family member) recognized the 91-year-old from the Silver Alert as he was with the male, and then called law enforcement."
2017,August,Hillsborough,84.0,male,citizen,unspecified,A Florida Silver Alert was issued for an 84-year-old male. A citizen recognized the 84-year-old from the Silver Alert and called law enforcement.
2017,August,Lee,85.0,male,citizen,unspecified,A Florida Silver Alert was issued for an 85-year-old male. A citizen at a Handy Store recognized the 85-year-old from the Silver Alert and called law enforcement.
2017,September,Lee,71.0,male,law_enforcement,unspecified,A Florida Silver Alert was issued for a 71-year-old male. A Fort Myer’s Police Department officer recognized the vehicle from the Silver Alert.
2017,September,Dade,71.0,male,law_enforcement,unspecified,A Florida Silver Alert was issued for a 71-year-old male. A FHP Sergeant located the 71-year-old after recognizing him at a local truck stop near his wrecked car.
2017,September,Lee,73.0,male,citizen,highway_sign,A Florida Silver Alert was issued for a 73-year-old male. A citizen recognized the vehicle from a Department of Transportation Dynamic Message Sign and called FHP.
2017,October,Brevard,76.0,female,citizen,highway_sign,A Florida Silver Alert was issued for a 76-year-old female. A citizen recognized the vehicle from a Department of Transportation Dynamic Message Sign and called law enforcement.
2017,October,Polk,83.0,female,law_enforcement,unspecified,A Florida Silver Alert was issued for an 83-year-old female. A Florida Department of Law Enforcement Analyst through investigative leads determined the geolocation of the 83-year-old and her vehicle.
2017,November,Orange,72.0,male,citizen,unspecified,A Florida Silver Alert was issued for a 72-year-old male. A citizen saw a vehicle driving slowly around a neighborhood and recognized it from the Silver Alert.
2017,November,Allegan,70.0,male,self,unspecified,A Florida Silver Alert was issued for a 70-year-old male. The 70-year-old recognized himself from the Silver Alert and went to the Naples Police Department.
2017,December,Seminole,76.0,male,law_enforcement,unspecified,A Florida Silver Alert was issued for a 76-year-old male. Law enforcement recognized the vehicle from the Silver Alert.
2017,December,Volusia,80.0,male,citizen,unspecified,A Florida Silver Alert was issued for an 80-year-old male. A citizen saw a disabled vehicle and recognized it was the vehicle from the Silver Alert and called FHP.
2018,January,Dade,85.0,male,law_enforcement,bolo_teletype,A Florida Silver Alert was issued for an 85-year-old male. A Doral Police Department Officer recognized his vehicle from the Silver Alert “Be on the Lookout (BOLO).”
2018,January,Polk,78.0,male,citizen,bolo_teletype,A Florida Silver Alert was issued for a 78-year-old male. The store clerk at a Race Track gas station recognized the 78-year-old from the Lottery System Silver Alert notification. March 2018- Out of State A Florida Silver Alert was issued for an 83-year-old male. Florida Highway Patrol pulled the vehicle over and recognized the 83-year-old from the Silver Alert BOLO.
2018,March,Broward,85.0,male,citizen,highway_sign,A Florida Silver Alert was issued for an 85-year-old male. A citizen recognized the 85-year-old from the Department of Transportation dynamic message sign and called local law enforcement.
2018,March,Pinellas,67.0,female,citizen,lottery,A Florida Silver Alert was issued for a 67-year-old female. A citizen recognized the 64-year-old from the Lottery System Silver Alert notification system and called local law enforcement.
2018,March,Pasco,83.0,male,law_enforcement,bolo_teletype,A Florida Silver Alert was issued for an 83-year-old male. A Tarpon Springs Police Department officer recognized the vehicle from the Silver Alert BOLO and pulled the subject over.
2018,April,Broward,83.0,male,law_enforcement,bolo_teletype,"A Florida Silver Alert was issued for an 83-year-old male. Law Enforcement recognized the vehicle from the Silver Alert BOLO and pulled the subject over in Coconut Creek, Florida."
2018,April,Pinellas,85.0,male,law_enforcement,unspecified,A Florida Silver Alert was issued for an 85-year-old male. A Lakeland Police Department officer recognized the 85-year-old from the Silver Alert.
2018,June,Sarasota,87.0,male,law_enforcement,unspecified,A Florida Silver Alert was issued for an 87-year-old male. Florida Highway Patrol pulled the vehicle over and recognized the 87-year-old from the Silver Alert.
2018,June,Lee,70.0,male,law_enforcement,unspecified,A Florida Silver Alert was issued for a 70-year-old male. Florida Highway Patrol pulled the vehicle over and recognized the 70-year-old from the Silver Alert.
2018,July,Polk,85.0,male,law_enforcement,unspecified,A Florida Silver Alert was issued for an 85-year-old male. Florida Highway Patrol pulled the vehicle over and recognized the 85-year-old from the Silver Alert.
2018,July,Lake,65.0,female,citizen,unspecified,A Florida Silver Alert was issued for a 65-year-old female. A citizen recognized the vehicle from the Silver Alert and called the Florida Highway Patrol.
2018,July,Seminole,64.0,male,citizen,lottery,A Florida Silver Alert was issued for a 64-year-old male. A store clerk at a Shell gas station recognized the 64-year-old from the Lottery System Silver Alert notification.
2018,August,Okeechobee,73.0,male,citizen,unspecified,A Florida Silver Alert was issued for a 73-year-old male. A citizen recognized the 73-year-old from the Silver Alert and called local law enforcement. September 2018- Out of State A Florida Silver Alert was issued for a 69-year-old male. A citizen recognized the vehicle from the Silver Alert and called Florida Highway Patrol.
2018,September,Hernando,85.0,male,citizen,unspecified,A Florida Silver Alert was issued for an 85-year-old male. A citizen recognized the vehicle from the Silver Alert and followed him to a gas station.
2018,September,Lake,76.0,male,law_enforcement,bolo_teletype,A Florida Silver Alert was issued for a 76-year-old male. A Sumter County officer recognized the vehicle from the Silver Alert BOLO and pulled the subject over.
2018,October,Pasco,82.0,male,law_enforcement,bolo_teletype,A Florida Silver Alert was issued for an 82-year-old male. A Perry Police Department officer recognized the vehicle from the Silver Alert BOLO and pulled the subject over.
2018,October,Sarasota,86.0,male,law_enforcement,unspecified,A Florida Silver Alert was issued for an 86-year-old male. Florida Highway Patrol pulled the vehicle over and recognized the 86-year-old from the Silver Alert.
2018,October,Volusia,83.0,male,citizen,unspecified,A Florida Silver Alert was issued for an 83-year-old male. A citizen recognized the vehicle from the Silver Alert and called Florida Highway Patrol.
2018,October,Brevard,85.0,male,law_enforcement,bolo_teletype,A Florida Silver Alert was issued for an 85-year-old male. A St. John’s County Sheriff officer recognized the vehicle from the Silver Alert BOLO and pulled the subject over.
2018,November,Duval,85.0,female,citizen,unspecified,A Florida Silver Alert was issued for an 85-year-old female. A citizen recognized the vehicle from the Silver Alert and called Florida Highway Patrol.
2018,December,Seminole,82.0,male,law_enforcement,bolo_teletype,A Florida Silver Alert was issued for an 82-year-old male. An officer recognized the vehicle from the Silver Alert BOLO and pulled the subject over.
2018,December,Hillsborough,76.0,male,citizen,unspecified,A Florida Silver Alert was issued for a 76-year-old male. A citizen recognized the vehicle from the Silver Alert and called law enforcement.
2018,December,Marion,84.0,male,law_enforcement,bolo_teletype,A Florida Silver Alert was issued for an 84-year-old male. A Mc Intosh Police Department Corporal recognized the vehicle from the Silver Alert BOLO and pulled the subject over.
2018,December,Sumter,74.0,male,citizen,unspecified,A Florida Silver Alert was issued for a 74-year-old male. A citizen recognized the vehicle from the Silver Alert and called law enforcement.
2019,January,Brevard,92.0,female,citizen,unspecified,A Florida Silver Alert was issued for a 92-year-old female. A citizen recognized the 92-year-old from the Silver Alert and called local law enforcement.
2019,January,Leon,82.0,female,law_enforcement,bolo_teletype,A Florida Silver Alert was issued for an 82-year-old female. A Taylor County Sheriff’s deputy recognized the vehicle from the Silver Alert “Be on the Lookout (BOLO)”.
2019,January,Indian River,87.0,male,citizen,unspecified,A Florida Silver Alert was issued for an 87-year-old male. A citizen recognized the 87-year-old and called local law enforcement.
2019,January,Volusia,83.0,male,citizen,unspecified,A Florida Silver Alert was issued for an 83-year-old male. A citizen recognized the 83-year-old and called local law enforcement.
2019,January,Dade,73.0,male,law_enforcement,bolo_teletype,A Florida Silver Alert was issued for a 73-year-old male. An officer recognized the vehicle from the Silver Alert BOLO.
2019,March,Saint Lucie,99.0,male,citizen,unspecified,A Florida Silver Alert was issued for a 99-year-old male. A citizen recognized the vehicle from the Silver Alert and called law enforcement.
2019,March,Sarasota,90.0,male,citizen,unspecified,A Florida Silver Alert was issued for a 90-year-old male. A citizen recognized the vehicle from the Silver Alert and called the Florida Highway Patrol (FHP).
2019,March,Broward,86.0,male,law_enforcement,unspecified,A Florida Silver Alert was issued for an 86-year-old male. Palm Beach County Sheriff’s Office recognized the vehicle from the Silver Alert.
2019,May,Charlotte,87.0,male,citizen,highway_sign,A Florida Silver Alert was issued for an 87-year-old male. A citizen recognized the 87-year-old from the Department of Transportation dynamic message signs and called local law enforcement.
2019,May,Broward,79.0,male,citizen,highway_sign,A Florida Silver Alert was issued for a 79-year-old male. A citizen recognized the vehicle from the Department of Transportation dynamic message signs and called FHP.
2019,June,Brevard,93.0,male,law_enforcement,unspecified,A Florida Silver Alert was issued for a 93-year-old male. A Pasco County Sheriff’s Office deputy recognized the vehicle from the Silver Alert.
2019,June,Lee,81.0,male,citizen,lottery,A Florida Silver Alert was issued for an 81-year-old male. The store clerk at a Citgo gas station recognized the 81-year-old from the Lottery System Silver Alert notification.
2019,August,Saint Lucie,84.0,male,law_enforcement,unspecified,A Florida Silver Alert was issued for an 84-year-old male. A road ranger recognized the vehicle from the Silver Alert and called local law enforcement.
2019,August,Palm Beach,79.0,male,citizen,unspecified,A Florida Silver Alert was issued for a 79-year-old male. Two citizens recognized the 79-year-old from the Silver Alert and called local law enforcement.
2019,September,Seminole,82.0,male,law_enforcement,bolo_teletype,A Florida Silver Alert was issued for an 82-year-old male. A Martin County deputy recognized the 82-year-old from the Silver Alert BOLO.
2019,November,Dade,80.0,male,citizen,highway_sign,A Florida Silver Alert was issued for an 80-year-old male. A citizen recognized the 80-year-old from the Department of Transportation dynamic message signs and called local law enforcement.
2019,November,Pinellas,96.0,male,law_enforcement,unspecified,A Florida Silver Alert was issued for a 96-year-old male. A physician at the Lee Memorial Hospital recognized the 96-year-old from the Silver Alert and called local law enforcement.
2019,November,Broward,75.0,female,citizen,unspecified,A Florida Silver Alert was issued for a 75-year-old female. A citizen recognized the vehicle from the Silver Alert and called the Missing Endangered Persons Information Clearinghouse (MEPIC) hotline. MEPIC called FHP to the exact location of the vehicle.
2019,December,Duval,70.0,male,citizen,unspecified,A Florida Silver Alert was issued for a 70-year-old male. A citizen recognized the 70-year-old from the Silver Alert and called local law enforcement.
2019,December,Escambia,71.0,female,citizen,unspecified,A Florida Silver Alert was issued for a 71-year-old female. A nurse at the Sacred Heart Hospital recognized the 71-year-old from the Silver Alert and called local law enforcement.
2019,December,Palm Beach,89.0,male,law_enforcement,bolo_teletype,A Florida Silver Alert was issued for an 89-year-old male. Palm Springs Police Department located the 89-year-old at a gas station from the Silver Alert BOLO.
2019,December,Lee,84.0,female,citizen,lottery,A Florida Silver Alert was issued for an 84-year-old female. The store clerk at a gas station recognized the 84-year-old from the Lottery System Silver Alert notification.
2020,January,Clay,85.0,male,citizen,unspecified,A Florida Silver Alert was issued for an 85-year-old male. A citizen recognized the 85-year-old from the Silver Alert and contacted law enforcement.
2020,January,Marion,87.0,female,law_enforcement,unspecified,A Florida Silver Alert was issued for an 87-year-old female. A Kennedy Space Center Security Officer recognized the 87-year-old female from the Silver Alert and recovered her safely.
2020,February,Walton,83.0,male,law_enforcement,highway_sign,A Florida Silver Alert was issued for an 83-year-old male. The 83-year-old male recognized his own vehicle description from the Department of Transportation dynamic message sign and contacted law enforcement.
2020,February,Charlotte,78.0,male,law_enforcement,bolo_teletype,A Florida Silver Alert was issued for a 78-year-old male. A Florida Highway Patrol Trooper recognized the vehicle from the Silver Alert “Be on the Lookout (BOLO).”
2020,February,Volusia,87.0,male,law_enforcement,highway_sign,A Florida Silver Alert was issued for an 87-year-old male. A Duval County School Police Officer recognized his vehicle from the Department of Transportation dynamic message sign and recovered him safely.
2020,February,Dade,84.0,female,citizen,highway_sign,A Florida Silver Alert was issued for an 84-year-old female and an 85-year-old female. A citizen recognized their vehicle from the Department of Transportation dynamic message signs and contacted law enforcement.
2020,February,Duval,88.0,male,law_enforcement,highway_sign,A Florida Silver Alert was issued for an 88-year-old male. Two off-duty police officers recognized the 88-year-old male’s vehicle from the Department of Transportation dynamic message signs and contacted law enforcement.
2020,March,Osceola,67.0,male,citizen,highway_sign,A Florida Silver Alert was issued for a 67-year-old male. A citizen recognized the vehicle from the Department of Transportation dynamic message signs and contacted law enforcement.
2020,April,Manatee,75.0,female,law_enforcement,bolo_teletype,A Florida Silver Alert was issued for a 75-year-old female. A Hillsborough County Sheriff’s Deputy recognized the vehicle from the Silver Alert BOLO.
2020,April,Pinellas,79.0,male,citizen,unspecified,A Florida Silver Alert was issued for a 79-year-old male. An employee at a hotel recognized the 79-year-old from the Silver Alert and contacted law enforcement.
2020,June,Duval,91.0,male,citizen,highway_sign,A Florida Silver Alert was issued for a 91-year-old male. A citizen recognized the vehicle from the Department of Transportation dynamic message signs and contacted law enforcement.
2020,June,Okaloosa,69.0,female,citizen,highway_sign,A Florida Silver Alert was issued for a 69-year-old female. A citizen recognized the vehicle from the Department of Transportation dynamic message signs and contacted law enforcement.
2020,June,Hillsborough,73.0,female,citizen,unspecified,A Florida Silver Alert was issued for a 73-year-old female. An employee at a gas station recognized the 73-year-old from the Silver Alert and contacted law enforcement.
2020,June,Polk,73.0,female,citizen,highway_sign,A Florida Silver Alert was issued for a 73-year-old female. A citizen recognized the vehicle from the Department of Transportation dynamic message signs and contacted law enforcement.
2020,July,Charlotte,83.0,male,law_enforcement,bolo_teletype,A Florida Silver Alert was issued for an 83-year-old male. A Lee County Sheriff’s Deputy recognized the vehicle from the Silver Alert BOLO.
2020,August,Dade,73.0,male,law_enforcement,bolo_teletype,A Florida Silver Alert was issued for a 73-year-old male. A Florida Highway Patrol Trooper recognized the vehicle from the Silver Alert BOLO.
2020,August,Bay,73.0,male,law_enforcement,highway_sign,A Florida Silver Alert was issued for a 73-year-old male. A Gulf County Sheriff’s Deputy recognized the vehicle from the Department of Transportation dynamic message signs.
2020,August,Brevard,83.0,male,law_enforcement,plate_reader,A Florida Silver Alert was issued for an 83-year-old male. The vehicle was located by a license-plate reader and identified as a result of the Silver Alert BOLO.
2020,September,Hernando,63.0,male,citizen,unspecified,"A Florida Silver Alert was issued for a 63-year-old male. A citizen located the subject at an interstate rest-stop and contacted MEPIC. Through coordination with the Marion County Sheriff’s Office, the 63-year-old was located safely."
2020,October,Lake,82.0,male,law_enforcement,bolo_teletype,A Florida Silver Alert was issued for an 82-year-old male. A Martin County Sheriff’s Deputy recognized the vehicle from the Silver Alert BOLO.
2020,October,Hillsborough,84.0,male,law_enforcement,bolo_teletype,A Florida Silver Alert was issued for an 84-year-old male. A Flagler County Sheriff’s Deputy recognized the vehicle from the Silver Alert BOLO.
2020,October,Osceola,76.0,female,law_enforcement,highway_sign,A Florida Silver Alert was issued for a 76-year-old female. The 76-year-old female recognized her own vehicle description from the Department of Transportation dynamic message sign and contacted law enforcement.
2020,November,Highlands,73.0,male,citizen,highway_sign,A Florida Silver Alert was issued for a 73-year-old male. A citizen recognized the vehicle from the Department of Transportation dynamic message signs and contacted law enforcement.
2020,December,Palm Beach,87.0,male,law_enforcement,bolo_teletype,A Florida Silver Alert was issued for an 87-year-old male. A Florida Highway Patrol Trooper recognized the vehicle from the Silver Alert BOLO.
2020,December,Osceola,65.0,male,law_enforcement,bolo_teletype,A Florida Silver Alert was issued for a 65-year-old male. The Sumter County Sheriff’s Office located the vehicle through the use of a traffic camera. The vehicle was identified as a result of the Silver Alert BOLO.
2020,December,Polk,89.0,male,law_enforcement,bolo_teletype,A Florida Silver Alert was issued for an 89-year-old male. A Florida Fish and Wildlife Officer recognized the 89-year-old male from the Silver Alert BOLO as an unidentified individual that had been located earlier the same day. The 89-year-old male was identified as a result of the Silver Alert.
2020,December,Brevard,70.0,male,law_enforcement,bolo_teletype,A Florida Silver Alert was issued for a 70-year-old male. A Brevard County Sheriff’s Deputy recognized the vehicle from the Silver Alert BOLO.
2021,January,Orange,98.0,male,law_enforcement,bolo_teletype,A Florida Silver Alert was issued for a 98-year-old male. A Florida Highway Patrol trooper recognized the vehicle from the FDLE issued Silver Alert “Be on the Lookout (BOLO).”
2021,January,Escambia,75.0,female,law_enforcement,unspecified,"A Florida Silver Alert was issued for a 75-year-old female. A member from a local health facility saw the alert, recognized the subject, and called law enforcement."
2021,March,Lake,78.0,male,law_enforcement,bolo_teletype,A Florida Silver Alert was issued for a 78-year-old male. A Lee County Sheriff’s deputy recognized the vehicle from the FDLE issued Silver Alert “Be on the Lookout (BOLO).”
2021,March,Marion,83.0,male,citizen,highway_sign,A Florida Silver Alert was issued for an 83-year-old male. A citizen recognized the vehicle from the Department of Transportation dynamic message sign and called law enforcement.
2021,April,Polk,75.0,female,law_enforcement,bolo_teletype,A Florida Silver Alert was issued for a 75-year-old female. A Florida Highway Patrol Trooper recognized the vehicle from the FDLE issued Silver Alert “Be on the Lookout (BOLO).”
2021,April,Indian River,83.0,male,law_enforcement,bolo_teletype,A Florida Silver Alert was issued for an 83-year-old male. A Hamilton County Sheriff’s deputy recognized the vehicle from the FDLE issued Silver Alert “Be on the Lookout (BOLO).”
2021,May,Broward,70.0,female,law_enforcement,bolo_teletype,A Florida Silver Alert was issued for a 70-year-old female. A Broward County Sheriff’s deputy recognized the vehicle from the FDLE issued Silver Alert “Be on the Lookout (BOLO).”
2021,May,Hillsborough,77.0,male,citizen,highway_sign,A Florida Silver Alert was issued for a 77-year-old male. A citizen recognized the vehicle from the Department of Transportation dynamic message sign and called law enforcement.
2021,May,Orange,81.0,male,citizen,highway_sign,A Florida Silver Alert was issued for an 81-year-old male. A citizen recognized the vehicle from the Department of Transportation dynamic message sign and called FDLE MEPIC. MEPIC provided the tip to the Florida Highway Patrol who recovered him.
2021,June,Dade,77.0,male,citizen,highway_sign,A Florida Silver Alert was issued for a 77-year-old male. A citizen recognized the vehicle from the Department of Transportation dynamic message sign and called FDLE MEPIC. MEPIC provided the tip to the Florida Highway Patrol who recovered the him.
2021,July,Polk,56.0,female,law_enforcement,bolo_teletype,A Florida Silver Alert was issued for a 56-year-old female. A Putnam County Sheriff’s deputy recognized the vehicle from the FDLE issued Silver Alert “Be on the Lookout (BOLO)” at a gas station.
2021,August,Clay,81.0,female,citizen,unspecified,"A Florida Silver Alert was issued for an 81-year-old female. A citizen saw the Silver Alert, recognized the subject at a gas station, and called law enforcement."
2021,September,Hillsborough,85.0,male,law_enforcement,bolo_teletype,A Florida Silver Alert was issued for an 85-year-old male and 79-year-old female. A Florida Highway Patrol trooper recognized the vehicle from the FDLE issued Silver Alert “Be on the Lookout (BOLO).”
2021,September,Sarasota,83.0,male,law_enforcement,bolo_teletype,A Florida Silver Alert was issued for an 83-year-old male. A Manatee County Sheriff’s deputy recognized the vehicle from the FDLE issued Silver Alert “Be on the Lookout (BOLO)” parked in a parking lot.
2021,September,Columbia,69.0,male,law_enforcement,bolo_teletype,A Florida Silver Alert was issued for a 69-year-old male. A Columbia County Sheriff’s deputy recognized the vehicle from the FDLE issued Silver Alert “Be on the Lookout (BOLO).”
2021,October,Clay,80.0,male,law_enforcement,bolo_teletype,A Florida Silver Alert was issued for an 80-year-old male. An Alachua County Sheriff’s deputy recognized the vehicle from the FDLE issued Silver Alert “Be on the Lookout (BOLO).”
2021,December,Broward,78.0,female,law_enforcement,bolo_teletype,A Florida Silver Alert was issued for a 78-year-old female. A Davie Police Department officer recognized the vehicle from the FDLE issued Silver Alert “Be on the Lookout (BOLO).”
2022,January,Collier,87.0,male,law_enforcement,bolo_teletype,A Florida Silver Alert was issued for an 87-year-old male. Law enforcement recognized the vehicle from the FDLE issued Silver Alert “Be on the Lookout (BOLO).”
2022,January,Sumter,81.0,male,law_enforcement,bolo_teletype,A Florida Silver Alert was issued for an 81-year-old male. A Sumter County Sheriff’s deputy recognized the vehicle from the FDLE issued Silver Alert “Be on the Lookout (BOLO).”
2022,February,Brevard,81.0,male,citizen,highway_sign,A Florida Silver Alert was issued for an 81-year-old male. A citizen recognized the vehicle from the Department of Transportation dynamic message sign and called law enforcement.
2022,February,Collier,84.0,male,law_enforcement,bolo_teletype,A Florida Silver Alert was issued for an 84-year-old male. The Florida Highway Patrol was responding to a vehicle crash. The Florida Highway Patrol trooper recognized the vehicle from the FDLE issued Silver Alert “Be on the Lookout (BOLO).”
2022,February,Sumter,64.0,male,self,highway_sign,A Florida Silver Alert was issued for a 64-year-old male. The subject of the alert saw his vehicle information displayed on the Department of Transportation dynamic message sign and called law enforcement.
2022,April,Lake,83.0,male,law_enforcement,bolo_teletype,A Florida Silver Alert was issued for an 83-year-old male. A Lake County Sheriff’s deputy ran the license plate of a disabled vehicle and recognized the vehicle from the FDLE issued Silver Alert “Be on the Lookout (BOLO).”
2022,April,Sumter,88.0,male,citizen,highway_sign,"A Florida Silver Alert was issued for an 88-year-old male. A citizen was driving behind the vehicle, recognized it from the Department of Transportation dynamic message sign, and called law enforcement."
2022,May,Citrus,95.0,male,law_enforcement,bolo_teletype,A Florida Silver Alert was issued for a 95-year-old male. Law enforcement recognized the vehicle from the FDLE issued Silver Alert “Be on the Lookout (BOLO).”
2022,May,Hillsborough,72.0,male,citizen,highway_sign,A Florida Silver Alert was issued for a 72-year-old male. A citizen recognized the vehicle from the Department of Transportation dynamic message sign and called law enforcement.
2022,May,Broward,79.0,male,citizen,highway_sign,A Florida Silver Alert was issued for a 79-year-old male. A citizen recognized the vehicle from the Department of Transportation dynamic message sign and called law enforcement.
2022,November,Palm Beach,80.0,male,law_enforcement,bolo_teletype,A Florida Silver Alert was issued for an 80-year-old male. An Indian River Sheriff’s deputy recognized the vehicle from the FDLE issued Silver Alert “Be on the Lookout (BOLO).”
