file,year,month,alerts_month,alerts_ytd,alerts_since_2008,direct_recoveries_to_date,indirect_recoveries_to_date,pages
2011_Monthly_Reports_Silver_Alert_UPDATED_January_2011_1.pdf,2011,1,13.0,13,274,40,,1
2011_Monthly_Reports_Silver_Alert_February_2011_1.pdf,2011,2,8.0,21,282,42,,1
2011_Monthly_Reports_Silver_Alert_March_2011_1.pdf,2011,3,14.0,35,296,43,,1
2011_Monthly_Reports_Silver_Alert_April_2011_1.pdf,2011,4,11.0,46,307,43,,1
2011_Monthly_Reports_Silver_Alert_May_2011_1.pdf,2011,5,14.0,60,321,44,,1
2011_Monthly_Reports_Silver_Alert_June_2011_1.pdf,2011,6,15.0,75,336,45,,1
2011_Monthly_Reports_Silver_Alert_July_2011_c.pdf,2011,7,11.0,86,347,30,17.0,1
2011_Monthly_Reports_Silver_Alert_August_2011_c.pdf,2011,8,9.0,95,356,30,18.0,1
2011_Monthly_Reports_Silver_Alert_September_2011.pdf,2011,9,19.0,114,375,32,19.0,1
2011_Monthly_Reports_Silver_Alert_OCTOBER_2011_c.pdf,2011,10,12.0,126,387,32,19.0,1
2011_Monthly_Reports_Amended_Silver_Alert_Nov_2011_c.pdf,2011,11,22.0,148,409,35,19.0,1
2011_Monthly_Reports_Silver_Alert_DECEMBER_2011_c.pdf,2011,12,14.0,162,423,36,19.0,1
2012_Monthly_Reports_Silver_Alert_JANUARY_2012_c.pdf,2012,1,13.0,13,436,36,19.0,1
2012_Monthly_Reports_Silver_Alert_FEBRUARY_2012_c.pdf,2012,2,11.0,24,447,36,21.0,1
2012_Monthly_Reports_Silver_Alert_MARCH_2012_c.pdf,2012,3,14.0,38,461,36,21.0,1
2012_Monthly_Reports_Silver_Alert_APRIL_2012_c.pdf,2012,4,17.0,55,478,37,21.0,1
2012_Monthly_Reports_Silver_Alert_May_2012_c.pdf,2012,5,18.0,73,496,41,21.0,1
2012_Monthly_Reports_Silver_Alert_June_2012_c.pdf,2012,6,7.0,80,503,43,21.0,1
2012_Monthly_Reports_Silver_Alert_July_2012.pdf,2012,7,17.0,97,520,45,22.0,1
2012_Monthly_Reports_Updated_Silver_Alert_August_2012.pdf,2012,8,19.0,116,539,45,22.0,1
2012_Monthly_Reports_Silver_Alert_September_2012.pdf,2012,9,,127,550,46,22.0,1
2012_Monthly_Reports_Silver_Alert_November_2012.pdf,2012,11,16.0,156,579,46,22.0,1
2012_Monthly_Reports_Silver_Alert_December_2012.pdf,2012,12,19.0,175,598,50,24.0,1
2013Monthly_Reports_Silver_Alert_January_2013.pdf,2013,1,10.0,10,608,51,24.0,1
2013Monthly_Reports_Silver_Alert_February_2013.pdf,2013,2,13.0,23,621,52,24.0,1
2013Monthly_Reports_Silver_Alert_March_2013.pdf,2013,3,15.0,38,636,58,24.0,1
2013Monthly_Reports_Silver_Alert_April_2013.pdf,2013,4,15.0,53,651,60,24.0,1
2013Monthly_Reports_Silver_Alert_May2013.pdf,2013,5,13.0,66,664,63,24.0,1
2013Monthly_Reports_Silver_Alert_June_2013.pdf,2013,6,14.0,80,678,66,24.0,1
2013Monthly_Reports_Silver_Alert_July_2013.pdf,2013,7,10.0,90,688,66,24.0,1
2013Monthly_Reports_Silver_Alert_August_2013.pdf,2013,8,14.0,104,702,68,24.0,1
2013Monthly_Reports_Silver_Alert_September_2013.pdf,2013,9,10.0,114,712,68,24.0,1
2013Monthly_Reports_Silver_Alert_October_2013.pdf,2013,10,11.0,125,723,69,24.0,1
2013Monthly_Reports_Silver_Alert_November_2013.pdf,2013,11,12.0,137,735,69,25.0,1
2013Monthly_Reports_Silver_Alert_December_2013.pdf,2013,12,25.0,162,760,73,25.0,1
2014Monthly_Reports_Silver_Alert_January_2014.pdf,2014,1,14.0,14,774,74,25.0,1
2014Monthly_Reports_Silver_Alert_February_2014.pdf,2014,2,23.0,37,797,76,26.0,1
2014Monthly_Reports_Silver_Alert_March_2014.pdf,2014,3,16.0,53,813,79,26.0,1
2014Monthly_Reports_Silver_Alert_April_2014.pdf,2014,4,19.0,72,832,83,26.0,1
2014Monthly_Reports_Silver_Alert_May_2014.pdf,2014,5,18.0,90,850,83,27.0,1
2014Monthly_Reports_Silver_Alert_June_2014.pdf,2014,6,19.0,109,869,84,28.0,1
2014Monthly_Reports_Silver_Alert_July_2014.pdf,2014,7,14.0,123,883,87,28.0,1
2014Monthly_Reports_Silver_Alert_August_2014.pdf,2014,8,11.0,134,894,87,29.0,1
2014Monthly_Reports_Silver_Alert_September_2014.pdf,2014,9,14.0,148,908,87,30.0,1
2014Monthly_Reports_Silver_Alert_October_2014.pdf,2014,10,17.0,165,925,89,31.0,1
2014Monthly_Reports_Silver_Alert_November_2014.pdf,2014,11,14.0,179,939,91,31.0,1
2014Monthly_Reports_Silver_Alert_December_2014.pdf,2014,12,24.0,203,963,94,31.0,2
2015Monthly_Reports_Silver_Alert_January_2015.pdf,2015,1,22.0,22,985,93,32.0,1
2015Monthly_Reports_Silver_Alert_February_2015.pdf,2015,2,22.0,44,1007,94,33.0,1
2015Monthly_Reports_Silver_Alert_March_2015.pdf,2015,3,15.0,59,1022,94,33.0,1
2015Monthly_Reports_Silver_Alert_April_2015.pdf,2015,4,22.0,81,1044,100,33.0,1
2015Monthly_Reports_Silver_Alert_May_2015.pdf,2015,5,18.0,99,1062,105,33.0,1
2015Monthly_Reports_Silver_Alert_June_2015.pdf,2015,6,18.0,117,1080,105,34.0,1
2015Monthly_Reports_Silver_Alert_July_2015.pdf,2015,7,18.0,135,1098,106,35.0,1
2015Monthly_Reports_Silver_Alert_August_2015.pdf,2015,8,12.0,147,1110,108,35.0,1
2015Monthly_Reports_Silver_Alert_September_2015.pdf,2015,9,24.0,171,1134,110,35.0,1
2015Monthly_Reports_Silver_Alert_October_2015.pdf,2015,10,24.0,195,1158,111,35.0,1
2015Monthly_Reports_Silver_Alert_November_2015.pdf,2015,11,19.0,214,1177,115,35.0,1
2015Monthly_Reports_Silver_Alert_December_2015.pdf,2015,12,18.0,232,1195,115,39.0,1
2016Monthly_Reports_Silver_Alert_January_2016.pdf,2016,1,22.0,22,1217,120,40.0,1
2016Monthly_Reports_Silver_Alert_February_2016.pdf,2016,2,27.0,49,1244,123,40.0,2
2016Monthly_Reports_Silver_Alert_March_2016.pdf,2016,3,16.0,65,1260,125,40.0,1
2016Monthly_Reports_Silver_Alert_April_2016.pdf,2016,4,11.0,76,1271,127,40.0,1
2016Monthly_Reports_Silver_Alert_May_2016.pdf,2016,5,21.0,97,1292,127,40.0,1
2016Monthly_Reports_Silver_Alert_June_2016.pdf,2016,6,27.0,124,1319,128,40.0,2
2016Monthly_Reports_Silver_Alert_July_2016.pdf,2016,7,22.0,146,1341,129,40.0,1
2016Monthly_Reports_Silver_Alert_August_2016.pdf,2016,8,15.0,161,1356,130,41.0,1
2016Monthly_Reports_Silver_Alert_September_2016.pdf,2016,9,17.0,178,1373,132,41.0,1
2016Monthly_Reports_Silver_Alert_October_2016.pdf,2016,10,28.0,206,1402,135,64.0,2
2016Monthly_Reports_Silver_Alert_November_2016.pdf,2016,11,15.0,221,1417,142,44.0,1
2016Monthly_Reports_Silver_Alert_December_2016.pdf,2016,12,24.0,245,1441,145,44.0,1
2017Monthly_Reports_Silver_Alert_January_2017.pdf,2017,1,27.0,27,1466,148,44.0,2
2017Monthly_Reports_Silver_Alert_February_2017.pdf,2017,2,27.0,54,1500,152,44.0,2
2017Monthly_Reports_Silver_Alert_March_2017.pdf,2017,3,20.0,74,1513,156,44.0,1
2017Monthly_Reports_Silver_Alert_April_2017.pdf,2017,4,16.0,90,1529,162,44.0,1
2017Monthly_Reports_Silver_Alert_May_2017.pdf,2017,5,28.0,118,1557,166,45.0,2
2017Monthly_Reports_UPDATED_Silver_Alert_June_2017.pdf,2017,6,22.0,140,1579,169,45.0,1
2017Monthly_Reports_UPDATED_Silver_Alert_July_2017.pdf,2017,7,25.0,165,1604,172,45.0,2
2017Monthly_Reports_Silver_Alert_August_2017.pdf,2017,8,22.0,187,1626,175,45.0,1
2017Monthly_Reports_Silver_Alert_September_2017.pdf,2017,9,31.0,218,1657,178,45.0,2
2017Monthly_Reports_Silver_Alert_October_2017.pdf,2017,10,22.0,240,1679,180,45.0,1
2017Monthly_Reports_Silver_Alert_November_2017.pdf,2017,11,14.0,254,1693,182,45.0,1
2017Monthly_Reports_Silver_Alert_December_2017.pdf,2017,12,19.0,273,1712,184,45.0,1
2018_Monthly_Reports_Silver_Alert_January_2018.pdf,2018,1,22.0,22,1734,186,45.0,1
2018_Monthly_Reports_Silver_Alert_February_2018.pdf,2018,2,14.0,36,1748,186,45.0,1
2018_Monthly_Reports_March_Silver_Alert_Report_2018.pdf,2018,3,27.0,63,1775,190,45.0,1
2018_Monthly_Reports_April_Silver_Alert_Report_2018.pdf,2018,4,24.0,87,1799,192,45.0,1
2018_Monthly_Reports_May_2018_Silver_Alert_Monthly_Report.pdf,2018,5,21.0,108,1820,192,45.0,1
2018_Monthly_Reports_June_Silver_Alert_Monthly_Report_2018.pdf,2018,6,27.0,135,1847,194,45.0,1
2018_Monthly_Reports_July_Silver_Alert_Monthly_Report.pdf,2018,7,20.0,155,1867,197,45.0,1
2018_Monthly_Reports_August_2018.pdf,2018,8,19.0,174,1886,198,45.0,1
2018_Monthly_Reports_September_2018.pdf,2018,9,15.0,189,1901,201,45.0,1
2018_Monthly_Reports_October_2018.pdf,2018,10,22.0,211,1923,205,45.0,1
2018_Monthly_Reports_November_2018.pdf,2018,11,,232,1944,206,45.0,1
2018_Monthly_Reports_December_2018.pdf,2018,12,,257,1969,210,45.0,2
2019_Monthly_Reports_January_2019.pdf,2019,1,32.0,32,2001,215,45.0,1
2019_Monthly_Reports_February_2019.pdf,2019,2,24.0,56,2025,216,45.0,2
2019_Monthly_Reports_March_2019.pdf,2019,3,22.0,78,2047,219,45.0,1
2019_Monthly_Reports_April_2019.pdf,2019,4,20.0,98,2067,219,45.0,1
2019_Monthly_Reports_May_2019.pdf,2019,5,22.0,120,2089,221,45.0,1
2019_Monthly_Reports_June_2019.pdf,2019,6,23.0,143,2112,221,45.0,1
2019_Monthly_Reports_July_2019.pdf,2019,7,16.0,159,2128,221,45.0,1
2019_Monthly_Reports_Silver_Alert_August_2019.pdf,2019,8,19.0,178,2147,223,45.0,1
2019_Monthly_Reports_September_2019.pdf,2019,9,23.0,201,2170,224,45.0,1
2019_Monthly_Reports_October_Silver_Alert.pdf,2019,10,22.0,223,2192,224,45.0,1
2019_Monthly_Reports_Silver_Alert_November_2019.pdf,2019,11,24.0,247,2216,227,45.0,1
2019_Monthly_Reports_Silver_Alert_December_2019.pdf,2019,12,27.0,274,2243,230,45.0,1
2020_Monthly_Reports_Silver_Alert_January_2020.pdf,2020,1,25.0,25,2268,231,45.0,1
2020_Monthly_Reports_Silver_Alerts_February_2020.pdf,2020,2,17.0,42,2285,236,45.0,1
2020_Monthly_Reports_Silver_Alerts_March_2020.pdf,2020,3,17.0,58,2301,238,45.0,1
2020_Monthly_Reports_Silver_Alerts_April_2020.pdf,2020,4,15.0,73,2316,240,45.0,1
2020_Monthly_Reports_Silver_Alert_May_2020.pdf,2020,5,16.0,89,2332,240,45.0,1
2020_Monthly_Reports_Silver_Alert_June_2020.pdf,2020,6,21.0,110,2353,244,45.0,1
2020_Monthly_Reports_Silver_Alert_July_2020.pdf,2020,7,26.0,136,2379,245,45.0,1
2020_Monthly_Reports_Silver_Alert_August_2020.pdf,2020,8,21.0,157,2400,248,45.0,1
2020_Monthly_Reports_Silver_Alert_September_2020.pdf,2020,9,20.0,177,2420,251,45.0,1
2020_Monthly_Reports_Silver_Alert_October_2020.pdf,2020,10,28.0,205,2448,253,45.0,1
2020_Monthly_Reports_Silver_Alert_November_2020.pdf,2020,11,22.0,227,2470,254,45.0,1
2020_Monthly_Reports_Silver_Alert_December_2020.pdf,2020,12,22.0,249,2492,258,45.0,1
