as_of,alerts,direct,qualifier,source,direct_rate
2012-12-31,598,50,,FDLE monthly report (2012_Monthly_Reports_Silver_Alert_December_2012.pdf),0.084
2013-12-31,760,73,,FDLE monthly report (2013Monthly_Reports_Silver_Alert_December_2013.pdf),0.096
2014-12-31,963,94,,FDLE monthly report (2014Monthly_Reports_Silver_Alert_December_2014.pdf),0.098
2015-10-08,1134,110,,FDLE release (https://www.fdle.state.fl.us/news/2015/october/florida-celebrates-seven-years-of-the-silver-alert-program),0.097
2015-12-31,1195,115,,FDLE monthly report (2015Monthly_Reports_Silver_Alert_December_2015.pdf),0.096
2016-12-31,1441,145,,FDLE monthly report (2016Monthly_Reports_Silver_Alert_December_2016.pdf),0.101
2017-12-31,1712,184,,FDLE monthly report (2017Monthly_Reports_Silver_Alert_December_2017.pdf),0.107
2018-12-31,1969,210,,FDLE monthly report (2018_Monthly_Reports_December_2018.pdf),0.107
2019-12-31,2243,230,,FDLE monthly report (2019_Monthly_Reports_Silver_Alert_December_2019.pdf),0.103
2020-12-31,2492,258,,FDLE monthly report (2020_Monthly_Reports_Silver_Alert_December_2020.pdf),0.104
2021-10-08,2721,268,,MEPIC newsletter 2021-Fall p8,0.098
2022-10-31,3000,286,,FDLE release (https://www.fdle.state.fl.us/news/2022/october/fdle-issues-3-000-florida-silver-alerts-in-14-year-history),0.095
2023-10-31,3200,300,more than,FDLE release (https://www.fdle.state.fl.us/news/2023/october/fdle-commemorates-15-years-of-florida-silver-alerts),0.094
